2,2,0.25,37.8956161415252,0.10213744,38.4075385678207,0.15727912
2,2,0.5,70.6703847924756,0.0870620100000002,71.3850209597197,0.13750023
2,2,0.75,95.6577144870442,0.0923294300000001,91.8441689837345,0.14060299
2,2,1,109.649553488006,0.0875544899999998,103.347603368793,0.12563938
2,3,0.25,48.5602058804177,0.0894010600000001,50.8218131888137,0.13078217
2,3,0.5,87.8296064432758,0.0878395600000001,86.8220228125213,0.12783419
2,3,0.75,120.239120351072,0.0935327399999999,104.823193472503,0.1468914
2,3,1,136.229143752674,0.0879431300000001,117.86634682616,0.12757156
2,4,0.25,82.2676956263852,0.0936881300000001,80.1158196524695,0.17429688
2,4,0.5,118.274528234886,0.0961351000000001,105.627249890565,0.14940885
2,4,0.75,142.264332119831,0.0897701400000001,124.359728411409,0.15025201
2,4,1,156.114467077714,0.0872316199999999,129.793589908663,0.13346101
2,5,0.25,82.0849847699477,0.0905913299999999,77.240725070149,0.14846151
2,5,0.5,128.398436765265,0.0910215900000001,110.556788791389,0.15603875
2,5,0.75,149.970287827721,0.0994030200000002,131.751410121887,0.14220729
2,5,1,165.057961326622,0.0868143999999999,142.487816075886,0.13871864
2,6,0.25,86.5813931583309,0.08841421,79.5505353855901,0.13778983
2,6,0.5,137.136182412584,0.0989282200000001,123.22334773391,0.15712742
2,6,0.75,155.127906886032,0.0888861300000001,135.068847185732,0.15193533
2,6,1,169.911920111722,0.0982120799999999,145.147360420299,0.13714742
2,7,0.25,104.775913600442,0.0879604099999999,99.8205070667638,0.1507773
2,7,0.5,144.767698651541,0.08960829,121.36762759834,0.14153979
2,7,0.75,165.893313621493,0.10429268,142.045231397885,0.16132737
2,7,1,176.705268652748,0.0923765299999999,152.315864881237,0.14757183
2,8,0.25,110.46318945628,0.0948800900000001,98.3080602810523,0.14538374
2,8,0.5,153.125414245877,0.0921623900000001,132.935435585517,0.1436792
2,8,0.75,166.879443248556,0.0925564099999999,148.615098121181,0.13820903
2,8,1,179.43533810514,0.13150862,160.276950297839,0.16967432
2,9,0.25,120.088311527856,0.1028792,108.503030292379,0.17029411
2,9,0.5,159.742907364077,0.08682896,141.834605374673,0.13661207
2,9,0.75,172.209369852194,0.0947206700000001,146.070207621939,0.13661948
2,9,1,181.112622523188,0.10208706,154.762084050995,0.1540886
2,10,0.25,123.83232445016,0.10212809,111.211092478957,0.16679157
2,10,0.5,158.491180083709,0.09906446,146.759613281925,0.16395855
2,10,0.75,176.583657328816,0.0973206899999998,154.167262922192,0.1614327
2,10,1,181.714470681236,0.0940441800000001,153.666181774606,0.15544033
2,11,0.25,134.253104588337,0.0942109499999999,116.254199623356,0.14521683
2,11,0.5,167.941999326726,0.0903086999999999,145.238252851517,0.14011544
2,11,0.75,172.850820678951,0.0953241899999998,146.794488936297,0.15582172
2,11,1,184.3625430683,0.0892257700000002,160.437789682159,0.14761444
2,12,0.25,143.317131510024,0.0939505299999999,126.582631276688,0.1663453
2,12,0.5,169.024119817812,0.1023301,151.792027593042,0.15353767
2,12,0.75,181.139800429195,0.0933898100000001,159.120013791914,0.14146334
2,12,1,183.057103430342,0.11305035,154.102892208485,0.15570294
2,13,0.25,133.6942073925,0.0959533100000001,119.136111172819,0.17384153
2,13,0.5,168.785232300106,0.0984576300000001,147.217269207086,0.15530709
2,13,0.75,182.300137876703,0.09019096,156.79211502396,0.14585083
2,13,1,183.710743575591,0.09697572,161.799279742501,0.14834659
2,14,0.25,138.541184606961,0.0931975699999999,120.555293382595,0.1652708
2,14,0.5,169.928587734255,0.0891544399999999,147.307352160748,0.14710995
2,14,0.75,184.269495826684,0.09541446,162.505557428123,0.15388039
2,14,1,185.643771464054,0.10856192,156.266844095843,0.15092498
2,15,0.25,142.25306333598,0.0966748100000002,124.460970455552,0.19242234
2,15,0.5,178.082103250023,0.10407062,155.478216718891,0.17361032
2,15,0.75,182.51060155102,0.09277146,159.050973765792,0.15086979
2,15,1,187.669160401934,0.10448663,165.853999307146,0.15369727
2,16,0.25,152.701404657265,0.0996249799999998,135.390106223089,0.17794222
2,16,0.5,177.076386840555,0.10715744,155.321197013783,0.15916616
2,16,0.75,182.80296058877,0.0992930600000002,156.479498726508,0.16297941
2,16,1,186.143774672442,0.0980291800000001,157.43698067856,0.16415967
2,17,0.25,157.103728911285,0.11012486,140.825305802614,0.16480217
2,17,0.5,175.944943261152,0.10632879,159.755246334261,0.18010839
2,17,0.75,185.141220775015,0.0996032299999998,162.036652969507,0.15132458
2,17,1,188.224575372266,0.0957110900000001,164.590587727141,0.16636264
2,18,0.25,156.734844334285,0.1012149,135.922183502479,0.15411291
2,18,0.5,177.318616507168,0.0987769899999998,157.490935984044,0.16275625
2,18,0.75,186.285612155515,0.14536685,168.363278771979,0.1938837
2,18,1,189.003765193379,0.10993224,166.474415573652,0.17387131
2,19,0.25,157.638053827733,0.09475272,138.062350770237,0.15969923
2,19,0.5,180.928357700479,0.10159388,166.970785229095,0.16649722
2,19,0.75,186.011286510548,0.09595232,166.137004722911,0.19472845
2,19,1,190.234130195846,0.0960951700000001,156.766610781796,0.15704406
2,20,0.25,160.775964075595,0.0973884499999999,142.655229857036,0.17034917
2,20,0.5,180.790144535625,0.12967481,155.272393806801,0.1995819
2,20,0.75,188.228435545099,0.0991979700000001,166.611073748668,0.19594372
2,20,1,190.148420571751,0.10738855,172.839044818652,0.18355396
3,2,0.25,51.6687210819087,0.0913595100000002,58.6235617116267,0.27026075
3,2,0.5,68.5323587585655,0.1014528,86.9721689660887,0.22469176
3,2,0.75,78.5684992497565,0.13957174,115.845047508935,0.25650655
3,2,1,63.3847463426035,0.0969643000000001,119.11727391675,0.26803025
3,3,0.25,75.0550190456281,0.09363497,83.9040495582868,0.23262725
3,3,0.5,117.705095076323,0.0898640900000001,125.696205931647,0.22553171
3,3,0.75,157.116935282954,0.11031806,157.22729867319,0.24825868
3,3,1,187.114249504092,0.0921990100000002,175.434114599525,0.25048386
3,4,0.25,94.0661344601296,0.0924263900000001,97.1593403938574,0.24272894
3,4,0.5,160.644771064888,0.0941908199999999,156.102725408443,0.23728301
3,4,0.75,188.732781783776,0.09736072,173.51654736869,0.26357975
3,4,1,219.888675592711,0.0909089499999999,195.617427566378,0.23220182
3,5,0.25,107.442803715571,0.0970802799999999,110.257817331027,0.2381153
3,5,0.5,182.342793264648,0.10307772,171.457149800643,0.2974133
3,5,0.75,214.234293842793,0.0983417299999998,193.57839123934,0.22665547
3,5,1,235.96424558124,0.10014912,208.887214060826,0.23499485
3,6,0.25,138.611719077186,0.0982688900000001,133.831249231598,0.23760791
3,6,0.5,196.27062457665,0.10317766,177.02356422194,0.26126864
3,6,0.75,235.561976582229,0.1177824,210.725421668932,0.25778097
3,6,1,250.935458073264,0.0974733699999999,217.536916635803,0.2412276
3,7,0.25,144.434615672036,0.11491685,140.504368189736,0.26427679
3,7,0.5,215.834885828084,0.09534797,197.226458042923,0.24915012
3,7,0.75,239.205332418419,0.0991360900000001,219.98115320867,0.24758145
3,7,1,260.598524150053,0.10436925,222.315699659028,0.25035578
3,8,0.25,169.820363440512,0.10373301,158.257353257721,0.25546292
3,8,0.5,222.80761959842,0.10296118,200.201461683896,0.25352655
3,8,0.75,247.56227374568,0.12018304,222.676997882108,0.29261206
3,8,1,264.535297963336,0.10692772,229.127327216401,0.25471821
3,9,0.25,179.41575882244,0.10579747,170.327178479662,0.25233034
3,9,0.5,233.959979160054,0.10331004,213.194864030922,0.25123336
3,9,0.75,256.861867268686,0.12824588,222.939563481453,0.29010259
3,9,1,266.331090864601,0.10456296,241.19126553415,0.25842602
3,10,0.25,195.216593095061,0.11261232,182.229766978398,0.26330624
3,10,0.5,236.964949238574,0.096276,212.402022940196,0.24459092
3,10,0.75,259.125250391109,0.10184745,226.572423171522,0.24855748
3,10,1,270.09699028277,0.0950416199999999,233.117415185782,0.2352241
3,11,0.25,197.619550126064,0.0991963199999999,185.876601475432,0.24984744
3,11,0.5,244.693901774387,0.10861463,215.162004810543,0.26502254
3,11,0.75,262.546731887411,0.1058963,228.175802864353,0.27011125
3,11,1,273.253902007454,0.11172325,233.143425050082,0.28700539
3,12,0.25,197.994608776188,0.10055163,185.158417653995,0.26772893
3,12,0.5,252.69530613016,0.10999903,227.704829537557,0.26936549
3,12,0.75,268.01845368087,0.10547164,231.166066977326,0.27583004
3,12,1,276.589551683774,0.11042767,245.175880263015,0.27461247
3,13,0.25,212.639975984349,0.10702883,196.414599522253,0.27949376
3,13,0.5,253.250681530379,0.12410957,229.680850123948,0.27098797
3,13,0.75,266.32123107639,0.11066487,230.270960178857,0.27870373
3,13,1,275.852766562825,0.10157163,240.386080064259,0.25526457
3,14,0.25,213.394245442756,0.11849858,192.225704248827,0.30413077
3,14,0.5,256.927345290964,0.10780235,224.388406052121,0.26392414
3,14,0.75,270.797997023648,0.11145442,231.180261349161,0.29330055
3,14,1,278.499496511528,0.10904933,248.506315259823,0.27888488
3,15,0.25,220.317721153873,0.10839032,197.289112468669,0.29285618
3,15,0.5,259.150703516013,0.11240681,226.18997824631,0.29155332
3,15,0.75,269.662532142092,0.1114981,239.785670554199,0.28686776
3,15,1,279.531302840391,0.10175716,243.371111534976,0.25931416
3,16,0.25,221.780486254257,0.12073102,198.774371203908,0.31870652
3,16,0.5,263.100257298755,0.11946801,231.437768515266,0.3067141
3,16,0.75,275.810228115861,0.10270381,244.800518294452,0.27467619
3,16,1,282.78806902568,0.11246886,241.83916375897,0.27190854
3,17,0.25,227.943724776781,0.11514228,201.474997416206,0.29627871
3,17,0.5,266.881855044508,0.11944268,228.346102219332,0.29448084
3,17,0.75,276.46919563634,0.12455799,243.966631486613,0.31534531
3,17,1,283.517148880135,0.11426744,245.715474265256,0.29861393
3,18,0.25,229.678202165586,0.12390999,205.088783576862,0.3087803
3,18,0.5,267.735429681273,0.11021549,241.85252491139,0.29226971
3,18,0.75,277.628116311748,0.10941572,240.842834068031,0.28153185
3,18,1,282.843497147423,0.10998508,249.792048317614,0.28014301
3,19,0.25,232.155384771824,0.11590099,207.086663434089,0.29420227
3,19,0.5,268.278473056387,0.11311034,236.081020843573,0.31070268
3,19,0.75,280.276258924357,0.11901008,241.965318782318,0.30138731
3,19,1,283.636826900779,0.11276795,249.768930678329,0.29590656
3,20,0.25,239.649882153823,0.14529836,213.264372543103,0.35956337
3,20,0.5,269.854210442801,0.11231938,240.360580806107,0.28610097
3,20,0.75,279.754623069026,0.12104195,238.670155028553,0.31911537
3,20,1,285.133161661902,0.10643638,252.042557451039,0.29328484
4,2,0.25,58.124523833369,0.0861437700000001,70.8316442658951,0.34285483
4,2,0.5,70.0094399616984,0.10358073,95.4562899131799,0.36289921
4,2,0.75,59.9436552138227,0.12093212,122.417759949507,0.370564
4,2,1,44.4798178004705,0.10425377,124.449611191305,0.35217741
4,3,0.25,89.9296151910978,0.10713137,101.111056697588,0.37951148
4,3,0.5,116.390649806548,0.0960258599999999,152.119620116549,0.33084068
4,3,0.75,108.448302698576,0.11344976,171.941248291707,0.3301412
4,3,1,101.595729348214,0.11240819,190.707729230254,0.35523632
4,4,0.25,115.887923221264,0.10226404,128.395159801575,0.36709974
4,4,0.5,169.596502855503,0.1100893,183.855298051007,0.37771483
4,4,0.75,210.314385945137,0.10445208,214.384799487627,0.37343686
4,4,1,257.580063546642,0.10372505,246.923179102032,0.34979224
4,5,0.25,147.624941040493,0.10177419,153.318931423444,0.36266077
4,5,0.5,207.482668347552,0.1029546,208.929714173179,0.36799983
4,5,0.75,270.966033802953,0.10170102,252.405387853799,0.33179334
4,5,1,299.608527226272,0.11071045,269.081674744175,0.37459515
4,6,0.25,169.076889103754,0.11212883,174.195864815974,0.37228806
4,6,0.5,250.277366402489,0.10622531,240.406405985814,0.3913899
4,6,0.75,295.631398104155,0.13722907,264.097932656622,0.37708991
4,6,1,322.504081243943,0.11018854,289.493933440572,0.3736832
4,7,0.25,191.987960951204,0.10991362,193.133686321358,0.36820382
4,7,0.5,278.688721736857,0.13296106,258.410074919258,0.42739426
4,7,0.75,312.169860559216,0.11508874,280.818683182887,0.38321412
4,7,1,334.915737044562,0.1168891,296.879975211394,0.3875772
4,8,0.25,204.928755430727,0.10849281,199.790117571738,0.38250123
4,8,0.5,284.142354022476,0.12183527,264.236956548607,0.40552466
4,8,0.75,331.532277875587,0.11383658,301.224384532931,0.39780725
4,8,1,345.322211792265,0.12125116,311.085360015169,0.36499535
4,9,0.25,217.574275878542,0.11364066,213.322142641748,0.39652467
4,9,0.5,297.532317067246,0.11589813,278.143797855368,0.4120388
4,9,0.75,339.032496805817,0.10999617,299.107772966805,0.38770132
4,9,1,352.126783993237,0.11137468,318.695172704207,0.39286915
4,10,0.25,246.215955509456,0.11283861,235.79007610311,0.40492261
4,10,0.5,313.772683643844,0.12138313,288.727398878837,0.41095333
4,10,0.75,342.046547806036,0.11662563,306.748272037566,0.42221788
4,10,1,357.778274605314,0.1213627,313.244290447655,0.40540476
4,11,0.25,265.777911234068,0.11719186,253.88259288776,0.41674938
4,11,0.5,322.581508670593,0.1296639,298.69766289676,0.45231493
4,11,0.75,349.433960836778,0.12817385,318.917078906385,0.4333995
4,11,1,362.954039154105,0.11403036,321.553227497974,0.40788689
4,12,0.25,268.9142540624,0.12014408,255.57097268627,0.44612099
4,12,0.5,327.261573730064,0.11783743,297.043584161565,0.42110738
4,12,0.75,355.057298579894,0.11695334,315.138856858934,0.46454018
4,12,1,367.131283157419,0.13066535,325.538119468742,0.42821759
4,13,0.25,275.152020894892,0.1223918,261.096881469666,0.42284463
4,13,0.5,336.817315031073,0.12798309,305.377100036262,0.44325198
4,13,0.75,355.339397664146,0.12673027,322.639267037204,0.45865653
4,13,1,371.161258018028,0.14233854,335.278080974102,0.49139533
4,14,0.25,292.26802806224,0.12256818,271.373721719508,0.45076058
4,14,0.5,337.883554404262,0.12074414,306.607758212649,0.45956132
4,14,0.75,358.90332570663,0.12406165,325.023105053484,0.47315084
4,14,1,371.322718335602,0.12153898,332.125575496347,0.4399029
4,15,0.25,290.664500527502,0.13297261,264.495945041767,0.48753023
4,15,0.5,346.885640472819,0.14075541,309.81319995672,0.47052883
4,15,0.75,365.655134947745,0.1326118,326.569845195333,0.46406999
4,15,1,373.707108066697,0.13282266,327.424915980695,0.48651512
4,16,0.25,296.895024607532,0.13964937,275.579571477604,0.47819109
4,16,0.5,352.471503080825,0.13289026,317.366968238473,0.48960053
4,16,0.75,365.089142567219,0.16847094,322.253781172523,0.50657337
4,16,1,374.76602208599,0.13004573,337.315068547047,0.47602854
4,17,0.25,305.606214625732,0.12430751,287.15717853197,0.46299396
4,17,0.5,350.602263280802,0.13111934,320.900729854802,0.483096540000001
4,17,0.75,369.025604690854,0.13389309,333.814883826054,0.47502116
4,17,1,375.495913530983,0.12706423,334.561037857818,0.48008384
4,18,0.25,317.395171768319,0.13325894,288.245086791854,0.47171096
4,18,0.5,355.517682305032,0.13077611,313.340328547177,0.4817175
4,18,0.75,369.044555920487,0.13365625,327.131565870476,0.50007936
4,18,1,378.996224728841,0.13823711,344.658022532692,0.51435784
4,19,0.25,310.780160127741,0.13482436,289.610977841519,0.51538686
4,19,0.5,354.47900444603,0.12670049,314.769468205761,0.48805691
4,19,0.75,373.13714506008,0.15636042,334.709288702635,0.50215828
4,19,1,378.618865454345,0.13759729,341.63801658693,0.48543063
4,20,0.25,321.508277683541,0.13670314,288.514163213126,0.47471378
4,20,0.5,361.593795476461,0.12988357,333.996078045528,0.49798943
4,20,0.75,370.746542955621,0.12956141,324.186207378951,0.47705914
4,20,1,379.710872997695,0.14493149,346.89523645236,0.521854540000001
5,2,0.25,60.1117698556279,0.0960962700000002,75.2700897452115,0.51227486
5,2,0.5,61.237767214356,0.0966993400000001,100.34879812928,0.4867793
5,2,0.75,51.6547477003212,0.10196099,119.740009601174,0.50769818
5,2,1,41.3628472673834,0.0980621999999999,130.234243953977,0.500003
5,3,0.25,101.85782182774,0.10199184,119.412468912431,0.52374968
5,3,0.5,106.015636535847,0.1028042,156.003085345754,0.49302315
5,3,0.75,93.8479507057736,0.11752694,186.191122270492,0.50486888
5,3,1,75.3326786863799,0.1179722,199.856880333662,0.55832835
5,4,0.25,128.025647788417,0.10234028,150.257577118097,0.51182525
5,4,0.5,167.752703958094,0.11136616,212.446848268203,0.51012768
5,4,0.75,158.431825723429,0.12639727,249.215788584502,0.52232718
5,4,1,122.267188959892,0.12377748,262.062365314092,0.53722191
5,5,0.25,161.80470754607,0.11237194,174.871979373623,0.57145601
5,5,0.5,215.271372961762,0.11837632,247.007768592971,0.55003682
5,5,0.75,278.835445538734,0.12242216,297.931771109935,0.553849459999999
5,5,1,337.687199607725,0.12786978,326.73229467226,0.53651676
5,6,0.25,185.528403452218,0.11084328,198.933859807973,0.54871466
5,6,0.5,286.050762928111,0.11647249,281.503593015401,0.54259086
5,6,0.75,349.799049768373,0.1376718,324.953470797967,0.59692744
5,6,1,385.952562742878,0.12169847,352.94264230909,0.56803759
5,7,0.25,216.112192385335,0.12721521,225.332154408217,0.59237071
5,7,0.5,321.651436166998,0.12962408,311.235892361521,0.5371317
5,7,0.75,382.807828904008,0.1202383,356.659209714078,0.56255181
5,7,1,412.875902229103,0.12595657,369.163534468794,0.54673836
5,8,0.25,256.10503018324,0.12284982,259.453173314966,0.59961961
5,8,0.5,346.660769345245,0.13129955,329.501708941427,0.56346445
5,8,0.75,396.634661258305,0.12352145,369.214100006769,0.57266636
5,8,1,427.463349195905,0.14202466,385.400250708387,0.59770853
5,9,0.25,265.89536175741,0.13058843,263.0687232469,0.611506
5,9,0.5,362.315344431778,0.15816785,348.029095669666,0.63929483
5,9,0.75,413.873523643201,0.16193237,380.213635775776,0.62245795
5,9,1,437.853659540348,0.13138775,395.349691269324,0.60391861
5,10,0.25,291.898770331672,0.12362704,288.468058009975,0.5924785
5,10,0.5,388.040633150317,0.12366486,362.415021406872,0.59511767
5,10,0.75,423.990121603463,0.14929832,387.863830419746,0.63243764
5,10,1,439.829700503057,0.12608206,401.33926779299,0.57500884
5,11,0.25,298.840023361552,0.1623532,293.846818793868,0.63965817
5,11,0.5,397.571125870458,0.14035432,368.217200769357,0.64394289
5,11,0.75,435.804637324726,0.13934945,399.056115642949,0.60137479
5,11,1,446.619809133278,0.15122441,405.659214013106,0.62025119
5,12,0.25,312.56818413186,0.13865554,305.53896740043,0.62093052
5,12,0.5,411.48980144482,0.14223294,380.92014827437,0.6235821
5,12,0.75,437.819157776705,0.14165665,395.586177878577,0.64459209
5,12,1,450.463223666356,0.13827564,410.743695941215,0.64615831
5,13,0.25,336.087543713265,0.14356836,325.925047991893,0.67635342
5,13,0.5,420.513068733123,0.14221737,389.688674064586,0.683227209999999
5,13,0.75,442.102615591533,0.13392815,406.502506655758,0.63857835
5,13,1,457.394278719488,0.13785789,414.686083182435,0.63690862
5,14,0.25,341.975625632337,0.16222123,327.574414742457,0.67256664
5,14,0.5,427.402317758344,0.13934622,385.142449658295,0.64298761
5,14,0.75,451.097829272821,0.15066802,412.423883758623,0.6503806
5,14,1,460.304760136617,0.14376655,414.793483627481,0.660335709999999
5,15,0.25,357.113834229476,0.15422874,341.624324294909,0.69593816
5,15,0.5,429.363475501597,0.14877788,396.323758246344,0.6921653
5,15,0.75,449.740053075874,0.145298,414.354927782276,0.66944222
5,15,1,465.948871531293,0.15138352,425.651508585645,0.66977949
5,16,0.25,365.157809682586,0.15010512,343.863257188625,0.67693078
5,16,0.5,433.883402134832,0.15170766,398.437580521603,0.73119524
5,16,0.75,454.8333439843,0.14024676,413.070443553361,0.64762587
5,16,1,468.672106154089,0.14845925,423.46493452409,0.695910709999999
5,17,0.25,378.740863949366,0.14087022,356.634404907099,0.67555737
5,17,0.5,436.318148544063,0.16423214,400.493811726739,0.71255666
5,17,0.75,459.019768816634,0.15316868,414.407845698764,0.68717164
5,17,1,467.488730864796,0.15308282,424.925709973443,0.68784881
5,18,0.25,386.348717294476,0.1433513,364.362992846083,0.69919551
5,18,0.5,439.618434513904,0.15829251,404.893005480166,0.74907166
5,18,0.75,457.566911055939,0.15097408,419.446680424939,0.72259278
5,18,1,470.270752164412,0.15368225,431.031994065013,0.690012040000001
5,19,0.25,392.549989399175,0.16065055,371.213948928949,0.73259474
5,19,0.5,445.417668356409,0.1535195,412.604449305871,0.74150165
5,19,0.75,463.310716695579,0.15863251,416.991111605497,0.71187074
5,19,1,471.906242476353,0.14146098,431.212333189072,0.67016816
5,20,0.25,396.536651165914,0.15864151,365.154676160778,0.745928959999999
5,20,0.5,446.171288965001,0.18544803,412.905818624651,0.77374963
5,20,0.75,465.604029051195,0.1528979,422.029070515382,0.73631135
5,20,1,475.163351444561,0.14956011,431.988625439197,0.7178685
6,2,0.25,62.422790298971,0.10292719,89.2379092895702,0.72529942
6,2,0.5,59.03115774136,0.10930289,110.380999223825,0.75848075
6,2,0.75,43.403216249053,0.1064306,119.635862729102,0.75522339
6,2,1,31.1584997871625,0.0992109399999999,135.95771646744,0.7292037
6,3,0.25,104.021965314521,0.10445748,131.245844955663,0.77165511
6,3,0.5,97.8675098632726,0.11760261,175.662612184016,0.75510666
6,3,0.75,70.2500986311701,0.15242059,184.607163972603,0.80526533
6,3,1,48.9895400543083,0.12285811,210.939187782336,0.78299331
6,4,0.25,139.492528661638,0.11975023,169.098985075449,0.77273286
6,4,0.5,146.89847272058,0.13808714,229.498887933809,0.7888103
6,4,0.75,113.208204195171,0.14733817,259.90359751848,0.81962243
6,4,1,88.2272479132459,0.14283015,281.454522565587,0.84334316
6,5,0.25,166.365210011425,0.1225614,199.838635663113,0.77666207
6,5,0.5,193.558037670341,0.15630998,273.817264697848,0.863915049999999
6,5,0.75,187.73356487708,0.13596917,325.636320994349,0.764879040000001
6,5,1,141.069083970393,0.14442497,335.944724266051,0.77346277
6,6,0.25,193.763464632422,0.12730758,216.769844528777,0.7831464
6,6,0.5,273.393254138106,0.1460414,321.76398274307,0.82597403
6,6,0.75,374.219711404287,0.14457757,383.438273766118,0.81785432
6,6,1,421.101526465696,0.151365,404.875126937429,0.83998338
6,7,0.25,250.609437036618,0.12904512,270.111819241798,0.79004455
6,7,0.5,362.804092909643,0.16275812,365.577049239874,0.84664318
6,7,0.75,433.098734812635,0.13918374,415.393613212581,0.78709291
6,7,1,475.448142038299,0.14870466,440.159457618482,0.83553342
6,8,0.25,282.792331910037,0.13504262,297.74776526993,0.82260994
6,8,0.5,400.60582141381,0.15138845,389.486559885546,0.834146959999999
6,8,0.75,462.311533774643,0.14881266,427.398470362842,0.855182209999999
6,8,1,500.908133506955,0.18696233,459.657933267036,0.855234
6,9,0.25,280.492100360194,0.13911015,294.560113699703,0.84261711
6,9,0.5,419.131201437876,0.1543405,405.837666930282,0.85958549
6,9,0.75,482.537016606053,0.15494247,447.806777352836,0.87060142
6,9,1,514.336383674547,0.15058386,467.67532643629,0.83565044
6,10,0.25,329.867407275988,0.14985519,334.998185216525,0.88171
6,10,0.5,447.468402235673,0.14895415,423.77169890714,0.8548772
6,10,0.75,496.659906177375,0.15094853,459.579961810571,0.86476527
6,10,1,521.417101190677,0.1468016,476.196460826479,0.83262783
6,11,0.25,351.463461628009,0.14485088,352.387462165286,0.84735688
6,11,0.5,468.793489604108,0.15471578,438.691949580612,0.891263709999999
6,11,0.75,513.629339822581,0.16754826,470.743948267101,0.8857006
6,11,1,532.378372851633,0.15767933,482.594685951398,0.89678619
6,12,0.25,378.670108829917,0.16603909,371.731080561846,0.936824459999999
6,12,0.5,471.691789151266,0.17520878,443.794190585067,0.87716187
6,12,0.75,522.535046163793,0.17276536,480.038191900225,0.94378502
6,12,1,541.878811754259,0.16892216,494.140559051611,0.90252398
6,13,0.25,399.932428950972,0.1603444,390.514273721852,0.91926091
6,13,0.5,492.17133651282,0.19295009,457.652253820323,0.94550943
6,13,0.75,526.656114999592,0.16118712,493.347017269608,0.93067283
6,13,1,544.873286168025,0.16279385,499.745345669878,0.932331459999999
6,14,0.25,405.441803531682,0.15783848,392.635862083064,0.9021018
6,14,0.5,508.122164245448,0.1875604,471.295823037065,1.03767839
6,14,0.75,533.314566090841,0.1775875,486.203541807831,0.99278491
6,14,1,550.084551713398,0.20106042,490.083021865926,0.98808369
6,15,0.25,420.540750496272,0.17057487,409.533460638283,0.98733572
6,15,0.5,514.073493572278,0.17678514,478.95772158831,1.00667235
6,15,0.75,539.394405561774,0.18108213,492.273020160916,1.0062502
6,15,1,556.351250329796,0.1787855,511.518416503499,0.985265580000001
6,16,0.25,445.794003030406,0.18229835,425.776932680216,1.02712224
6,16,0.5,520.723149344343,0.17139227,485.221170988102,0.9417314
6,16,0.75,543.460187781833,0.16837322,502.72992306468,0.9709921
6,16,1,558.990721501672,0.18190459,513.127883916955,0.988461209999999
6,17,0.25,439.954447065229,0.18664171,418.673645167774,1.02868764
6,17,0.5,519.977844067176,0.18287462,480.305618936027,1.11741754
6,17,0.75,547.994603223389,0.18350472,500.062695202763,1.0537147
6,17,1,562.64802241434,0.18280721,503.864422435875,0.99682823
6,18,0.25,457.504340332255,0.18833547,436.002852237222,1.12819678
6,18,0.5,528.576320766996,0.18862671,485.924029041608,1.10131339
6,18,0.75,547.377640430361,0.18594479,504.819138417093,1.1463565
6,18,1,561.601731619812,0.18942102,506.723440355924,1.11748502
6,19,0.25,465.664217053195,0.19003938,434.0734272309,1.13683344
6,19,0.5,531.77577323659,0.1912823,486.599694457815,1.09749661
6,19,0.75,555.293538699523,0.18325174,508.208186776087,1.0760445
6,19,1,564.306795899216,0.191608,514.678760527427,1.06087675
6,20,0.25,478.307493033031,0.19723318,459.313949136802,1.23765638
6,20,0.5,540.450335257226,0.20475229,495.773754137078,1.23398
6,20,0.75,556.005158325783,0.20114688,512.133441464195,1.18844411
6,20,1,566.938611169568,0.18538301,522.056549943614,1.11062164
7,2,0.25,65.5143710595092,0.1149529,91.8069630700332,1.16726573
7,2,0.5,53.0074793444786,0.11896937,113.360829536407,1.17693356
7,2,0.75,36.612605418242,0.11022097,130.416766715369,1.14465462
7,2,1,29.0683622073055,0.11618897,133.716045850021,1.34563592
7,3,0.25,96.059794139994,0.11735182,130.916978377297,1.08437433
7,3,0.5,87.9754645825972,0.1261743,180.10363502129,1.08568964
7,3,0.75,57.3397595472557,0.1301307,199.683034531873,1.16388172
7,3,1,42.7709132958174,0.13645011,207.151940249845,1.14068314
7,4,0.25,139.746488880349,0.14163756,179.152162915933,1.08804513
7,4,0.5,128.124365953041,0.14358608,237.736610656802,1.13495581
7,4,0.75,89.9254401367728,0.15197782,266.618890983776,1.17528107
7,4,1,71.3896969783965,0.14257653,281.798406724201,1.12214729
7,5,0.25,183.892645786256,0.13984507,225.015899044716,1.15774036
7,5,0.5,171.547492863944,0.16818303,288.099950039899,1.227274
7,5,0.75,135.67323261229,0.16776123,335.10191920389,1.17619463
7,5,1,97.4429778731606,0.17889008,349.929039364329,1.21299544
7,6,0.25,219.444272630218,0.16109683,249.6205316295,1.14053355
7,6,0.5,240.381584758487,0.17704116,348.415349615433,1.21681656
7,6,0.75,207.057480270195,0.18070128,395.661687506698,1.22986956
7,6,1,165.601166605223,0.16887744,418.609685515476,1.15114317
7,7,0.25,266.088617979187,0.1578525,288.840726605013,1.26782656
7,7,0.5,352.091241674442,0.18692851,404.234070120684,1.2375699
7,7,0.75,440.015699454371,0.18583264,458.424905171685,1.24568665
7,7,1,499.546494435755,0.17800666,491.985278312534,1.15264743
7,8,0.25,303.498771692535,0.17181545,325.73773314718,1.19486929
7,8,0.5,441.88698151515,0.181545,447.310796052365,1.27324196
7,8,0.75,508.88923292742,0.20835845,490.315207017307,1.24673392
7,8,1,563.888609314548,0.17261056,527.072464084886,1.16037889
7,9,0.25,342.681174011866,0.16703876,356.554321075691,1.23217464
7,9,0.5,478.111090750574,0.18005608,472.172594569966,1.24955946
7,9,0.75,549.504805215208,0.1785278,524.230640275081,1.24342162
7,9,1,583.348217329243,0.1977187,540.95406522952,1.31809885
7,10,0.25,375.812807832044,0.17672459,384.884206899163,1.32507691
7,10,0.5,511.75913015617,0.19885956,483.962671975944,1.4505621
7,10,0.75,579.667251020444,0.19767731,537.501539237728,1.40213703
7,10,1,603.029665245573,0.19221244,555.137234694712,1.32809113
7,11,0.25,396.320928848183,0.2000723,403.789756367231,1.44202356
7,11,0.5,541.251111218179,0.19831182,512.756744204358,1.44235756
7,11,0.75,581.321707803386,0.1963555,541.493281703439,1.37896859
7,11,1,621.786939643599,0.18990668,566.982494192547,1.37852503
7,12,0.25,423.4266805304,0.1841172,429.0785989723,1.36479883
7,12,0.5,549.83090594507,0.2198023,515.613229312685,1.52808552
7,12,0.75,605.261757546358,0.21336656,560.872738651031,1.49900963
7,12,1,627.901137352776,0.19756393,579.646958877151,1.36172899
7,13,0.25,449.780986391203,0.20790532,445.553456710801,1.50082746
7,13,0.5,574.300013365871,0.21842968,536.319626202575,1.44645027
7,13,0.75,608.905576555356,0.21994419,556.755119200268,1.50721183
7,13,1,634.646051681213,0.20097865,583.447749398932,1.42021992
7,14,0.25,453.575879073953,0.19455757,444.555988616463,1.41794834
7,14,0.5,579.847650187712,0.22599669,545.345354849982,1.50225605
7,14,0.75,623.779673379557,0.2030465,567.381411763079,1.37877198
7,14,1,642.028726155551,0.20970557,591.055976730978,1.43075038
7,15,0.25,484.960726596747,0.21814962,473.127946523516,1.49368115
7,15,0.5,594.787526950603,0.20713215,559.18231328724,1.49351001
7,15,0.75,623.86564964858,0.21108173,571.641457851337,1.46970456
7,15,1,647.188044640651,0.20862637,596.045280018686,1.59111467
7,16,0.25,497.552111496192,0.21429455,480.906112903476,1.51973552
7,16,0.5,600.598291487091,0.21160258,554.691040227831,1.49029116
7,16,0.75,629.225188402322,0.21747594,578.238749387816,1.60453645
7,16,1,651.833061153692,0.21222624,608.295121349143,1.54244574
7,17,0.25,507.072872662185,0.21908068,487.366226799302,1.57534568
7,17,0.5,606.347350549147,0.22726828,559.799530787499,1.60513901
7,17,0.75,637.222681621388,0.22370152,579.284422609608,1.60122167
7,17,1,648.647483343738,0.2050473,603.14592940968,1.48416828
7,18,0.25,523.220841094601,0.21478846,502.239669249708,1.53820233
7,18,0.5,615.238570494767,0.2348039,570.721299575483,1.64234802
7,18,0.75,640.420048476007,0.2326111,584.6444262779,1.64642097
7,18,1,653.753613434144,0.21723417,591.577938257563,1.54329383
7,19,0.25,527.72290474339,0.21240542,506.988175353143,1.54182675
7,19,0.5,619.326035123423,0.23862217,576.713497366027,1.6085566
7,19,0.75,643.579512382776,0.22426509,595.630578800392,1.6055417
7,19,1,660.212179853643,0.22303545,608.822595188571,1.58415692
7,20,0.25,549.028915689929,0.24137438,525.281053630397,1.78862405
7,20,0.5,625.325378088756,0.24002808,581.528008034426,1.65731699
7,20,0.75,648.925564343183,0.23773339,585.969601123186,1.59185495
7,20,1,662.033518413536,0.24385478,606.550262853673,1.74608783
8,2,0.25,63.0069407874886,0.11381159,95.5745834957875,1.64041895
8,2,0.5,43.5198764735442,0.11817384,120.547136471361,1.69901202
8,2,0.75,36.047781690637,0.12060745,134.448055532631,1.69490013
8,2,1,23.6119751367776,0.13330071,134.000976096207,1.77953507
8,3,0.25,102.602035812707,0.14080503,151.791841944218,1.86949441
8,3,0.5,81.5870059270919,0.14813192,188.929818644171,1.77695658
8,3,0.75,53.148152143604,0.15243416,206.892399238289,1.7666134
8,3,1,38.0886586698746,0.14551655,218.089857916772,1.72330254
8,4,0.25,151.250417514292,0.14690546,198.397340506634,1.77797146
8,4,0.5,112.039775915695,0.1572477,247.87174573132,1.7657104
8,4,0.75,76.3652265334859,0.1660178,274.390480713089,1.7212102
8,4,1,58.2950408988665,0.18015842,286.848659115997,1.8945388
8,5,0.25,182.627566280681,0.16463641,237.539875328158,1.70867671
8,5,0.5,141.124810708183,0.20974033,291.451066526725,1.84080584
8,5,0.75,101.764427681871,0.19490173,351.019712164759,1.87763793
8,5,1,81.0037652133276,0.1890432,369.516893203169,1.83524875
8,6,0.25,216.602177360441,0.16985195,276.758065764203,1.84225098
8,6,0.5,203.205844684296,0.20640844,371.324619626275,1.8785989
8,6,0.75,169.2020107526,0.22015432,416.425858545448,1.90497496
8,6,1,115.212983144906,0.21824413,440.420205224139,1.85173189
8,7,0.25,290.549983831837,0.18283343,336.40578203913,1.75496892
8,7,0.5,307.56523759723,0.22069101,431.128958124137,1.91045501
8,7,0.75,218.357594601916,0.23109426,478.04685132672,1.98034407
8,7,1,167.360808375917,0.23555021,512.298012836176,1.86729977
8,8,0.25,325.170493380011,0.22452633,364.111542669913,1.92090554
8,8,0.5,418.908424803502,0.22438951,477.609455934353,1.91499344
8,8,0.75,518.061516870894,0.21557864,544.240702538782,1.88296456
8,8,1,593.387637487552,0.22024471,578.403249192867,1.87239021
8,9,0.25,356.794090407324,0.21451781,384.43988555507,1.98640182
8,9,0.5,498.551737337588,0.23260122,517.52108268701,1.99442869
8,9,0.75,592.082886856922,0.22220747,575.430753484908,1.90932856
8,9,1,654.794146120392,0.21575816,616.495952532131,1.86751166
8,10,0.25,388.850427720145,0.21609826,416.837052002178,1.94093688
8,10,0.5,536.335129871732,0.22194706,532.14851150004,1.96265224
8,10,0.75,631.583887446522,0.23826099,601.865760791908,1.94104147
8,10,1,683.442111871858,0.22032204,639.761550294471,1.9442121
8,11,0.25,433.377046566717,0.21960761,444.365741690287,1.9891695
8,11,0.5,586.772296227623,0.23079005,570.70101552205,2.05783147
8,11,0.75,660.439503899524,0.23771931,618.568006835572,2.00757038
8,11,1,688.455585295178,0.22480959,641.228904087525,1.94795902
8,12,0.25,476.372195128929,0.22808069,483.080479825808,1.99294978
8,12,0.5,618.50844667949,0.24844901,585.20262148047,2.10127899
8,12,0.75,675.168573076221,0.24157912,629.9200242681,2.07727826
8,12,1,706.921711665638,0.22689949,650.673226844724,1.97818873
8,13,0.25,492.197972735802,0.24050248,494.849893156223,2.09272399
8,13,0.5,630.685429106077,0.24721866,603.605572282812,2.15332932
8,13,0.75,688.084669909715,0.24246575,641.768255249711,2.1209587
8,13,1,717.792794949677,0.24076592,670.650472846382,2.04242713
8,14,0.25,517.273710747772,0.23637064,510.213078244556,2.06788073
8,14,0.5,655.391381743818,0.25333884,623.272812865163,2.15201374
8,14,0.75,702.254584425533,0.24833783,652.294549652815,2.10263576
8,14,1,728.368493584826,0.25220707,674.643237356421,2.1459478
8,15,0.25,538.726097421137,0.27170593,531.047494065511,2.3676919
8,15,0.5,664.419926376355,0.26189663,623.314650684697,2.21493563
8,15,0.75,708.971249105878,0.26731711,651.109910349354,2.25519049
8,15,1,736.310673319617,0.25077837,684.292011362062,2.16977095
8,16,0.25,566.460051512925,0.26889967,555.308442003569,2.32883966
8,16,0.5,683.381054580162,0.28323661,639.982872906582,2.30871951
8,16,0.75,719.668122839508,0.26511544,666.646048079046,2.22033757
8,16,1,743.169669448912,0.26477881,691.146001536211,2.26621569
8,17,0.25,568.252535663174,0.26304868,558.947096198225,2.28830463
8,17,0.5,688.830425197815,0.28190968,648.288319770581,2.27005707
8,17,0.75,724.53952165193,0.2709216,677.141502440936,2.24975978
8,17,1,738.637946229916,0.26168666,680.835360397029,2.21497108
8,18,0.25,595.172798147463,0.26806287,573.484921640289,2.30825698
8,18,0.5,691.827474269637,0.28279217,649.308991753522,2.38428365
8,18,0.75,731.729392821373,0.26965154,677.796860455077,2.30748354
8,18,1,747.436718450104,0.26802442,687.29088439116,2.23196506
8,19,0.25,606.582804290049,0.26996617,585.407609655803,2.33281472
8,19,0.5,700.194157826046,0.30142998,650.407183327184,2.32597224
8,19,0.75,733.98576101757,0.29060158,686.652142189152,2.26124103
8,19,1,751.14079571938,0.27891293,698.365511148344,2.29916859
8,20,0.25,619.385100255348,0.2777017,596.651853586031,2.38690832
8,20,0.5,701.819314992975,0.31164363,653.503412002333,2.46748405
8,20,0.75,737.261324738829,0.2903145,696.487661837762,2.45544224
8,20,1,753.018877413381,0.28439348,705.513901881044,2.28646971
9,2,0.25,56.6332826985287,0.1161287,98.3047658566682,2.2780412
9,2,0.5,40.2884173669103,0.13256155,122.057953173302,2.37723471
9,2,0.75,27.6519409055771,0.12909249,132.069222545228,2.3672268
9,2,1,19.9086456619891,0.12769322,132.42817358202,2.50850096
9,3,0.25,104.761655995847,0.14246269,156.82538594554,2.43325066
9,3,0.5,68.1848806785306,0.18421629,188.572460237688,2.66902476
9,3,0.75,49.6526580204627,0.15993989,204.668913647209,2.56748113
9,3,1,33.3217163922343,0.15900353,224.35842926509,2.43452254
9,4,0.25,127.294289362537,0.15951432,197.000530430474,2.46281788
9,4,0.5,100.693370476647,0.18619723,247.861280966979,2.70223862
9,4,0.75,63.4348694822197,0.19826183,273.97715990089,2.60987825
9,4,1,52.5075160762919,0.16993881,302.05519011355,2.44475544
9,5,0.25,184.108252518499,0.18063136,250.77426498025,2.58971325
9,5,0.5,124.03786998118,0.23353579,316.796790562797,2.73779777
9,5,0.75,90.9562549881456,0.2073584,351.678838667113,2.6935999
9,5,1,68.8835470492101,0.21326986,368.996198601883,2.56311076
9,6,0.25,218.307306581267,0.19619584,291.636342907331,2.57538567
9,6,0.5,183.281601886765,0.25087413,383.041400740103,2.76860545
9,6,0.75,134.782833387811,0.24317146,415.838083292011,2.76823127
9,6,1,97.0576413829299,0.24079353,449.288124831282,2.65441267
9,7,0.25,275.491382906812,0.22316723,343.690346776643,2.66723768
9,7,0.5,243.716357540698,0.25794811,442.572488317073,2.61780299
9,7,0.75,162.226742292889,0.27221391,492.561725075901,2.8508807
9,7,1,137.404754623133,0.27678463,527.948886298527,2.74783285
9,8,0.25,332.83231174776,0.24199676,386.957823306149,2.70054955
9,8,0.5,336.415782361899,0.28624323,497.228575219058,2.80325554
9,8,0.75,247.796499938636,0.29304153,563.126604666611,2.70549542
9,8,1,198.026212062906,0.29900932,595.706308772872,2.77758754
9,9,0.25,359.880966370738,0.26330791,420.397291948209,2.7829334
9,9,0.5,489.140642241422,0.27863774,552.189330273909,2.79140795
9,9,0.75,611.805822078439,0.28299227,625.763354342728,2.83975196
9,9,1,669.151128493829,0.28372694,651.868300021737,2.74886172
9,10,0.25,406.924384611388,0.2689149,447.39317452504,2.83452754
9,10,0.5,570.902506418068,0.30089547,593.558593558426,2.99714232
9,10,0.75,680.33014007549,0.31090448,668.901761002386,2.78971149
9,10,1,737.512278500843,0.28372539,703.132572426377,2.90750799
9,11,0.25,466.734067391611,0.27560861,492.348101952323,2.87456055
9,11,0.5,631.23084438343,0.29818113,621.068934607682,2.85495565
9,11,0.75,729.654630929254,0.29594234,696.245229210859,2.87316841
9,11,1,774.741923175035,0.27088399,721.586943166933,2.7236314
9,12,0.25,496.431100150581,0.28051807,513.819844977602,3.01862267
9,12,0.5,675.914807046478,0.28108154,652.751841442102,2.84690997
9,12,0.75,741.124164738617,0.34243497,703.114920067327,2.92434717
9,12,1,784.302798948336,0.31828836,720.8456459477,2.94518047
9,13,0.25,536.609316025147,0.27567035,545.569040288493,2.81877741
9,13,0.5,712.608823151206,0.30238292,684.883358078654,2.98696573
9,13,0.75,767.351728956267,0.31145728,719.446263151986,2.99641129
9,13,1,802.455754989562,0.30056019,751.434148272706,2.97821406
9,14,0.25,563.967970013054,0.29546573,571.424969807032,3.07974173
9,14,0.5,719.624196827532,0.29705298,687.3345275064,2.88780928
9,14,0.75,785.873117131929,0.31178297,736.837915885594,2.95432137
9,14,1,812.615214867416,0.30399908,755.468388242853,2.90721601
9,15,0.25,591.639175570049,0.29806425,586.505969536481,3.02245141
9,15,0.5,747.536836695465,0.30630998,711.855841129475,3.07848064
9,15,0.75,797.546147278928,0.34429056,747.807771214505,3.43838909
9,15,1,819.533180281464,0.31511652,765.960312928689,3.01656516
9,16,0.25,616.923014026168,0.29696201,607.793029700848,3.05211889
9,16,0.5,754.590030785879,0.33603075,711.741092067798,3.20943703
9,16,0.75,802.878960146382,0.33798071,754.361525427395,3.34437511
9,16,1,826.95835828835,0.3173319,769.625075900941,3.15656356
9,17,0.25,630.106784308304,0.31022865,617.510195258379,3.20310823
9,17,0.5,764.468927002531,0.32389345,722.035092109753,3.18257609
9,17,0.75,813.325371287951,0.32618521,763.504151106139,3.18814541
9,17,1,832.24928842803,0.29507162,777.710540499239,2.93989917
9,18,0.25,653.033365740582,0.32150211,645.15133098681,3.30273512
9,18,0.5,780.215284301324,0.34473438,735.94628155334,3.36595068
9,18,0.75,814.020022335221,0.33704858,765.871220139542,3.30820969
9,18,1,840.324203336051,0.31744416,779.876134283994,3.14986129
9,19,0.25,672.815929860598,0.33458129,655.403482076961,3.35814447
9,19,0.5,784.407603531367,0.3344704,742.179844809535,3.32088753
9,19,0.75,828.149989733238,0.35105423,781.527166719898,3.43965391
9,19,1,842.028652068122,0.31742684,787.664635121169,3.22708853
9,20,0.25,681.825788547314,0.34950829,661.257983030365,3.3314346
9,20,0.5,793.112328076964,0.34902281,740.993831394806,3.42821116
9,20,0.75,827.599526113651,0.33244901,779.907906939389,3.33709004
9,20,1,844.801660190346,0.34215866,783.153132676022,3.15338323
10,2,0.25,62.1319168129011,0.13288786,103.158870573466,3.35941403
10,2,0.5,32.799425625751,0.14484649,116.162330341704,3.33660393
10,2,0.75,28.1745535658707,0.13386668,136.927843308441,3.19430896
10,2,1,19.3074542683411,0.14014371,144.971625153345,3.52478501
10,3,0.25,91.803477460481,0.1543508,150.224604238644,3.30150723
10,3,0.5,57.0618916715726,0.16428713,194.658691833619,3.4991883
10,3,0.75,42.1191362687441,0.17384231,212.460661339304,3.49410322
10,3,1,30.6731981402729,0.1610235,217.273308172004,3.32068835
10,4,0.25,128.297483226911,0.19638618,205.544064251637,3.49682206
10,4,0.5,87.0401925691229,0.18968269,263.353542615069,3.56308967
10,4,0.75,55.9132366097103,0.21569815,287.852694286053,3.75146014
10,4,1,43.4049688031338,0.19432858,300.444262796406,3.63561302
10,5,0.25,170.397499582579,0.19831003,261.027013432385,3.38502657
10,5,0.5,120.256859774683,0.22068886,329.014352929066,3.58348985
10,5,0.75,78.215602742325,0.23175445,350.646188231393,3.79803702
10,5,1,58.1462989030832,0.2258978,392.43831737463,3.56663427
10,6,0.25,209.056723675743,0.23447253,305.257800187142,3.56938345
10,6,0.5,146.612237744137,0.25066833,391.85269478154,3.66843232
10,6,0.75,106.213809705007,0.26686695,439.906600768168,3.76380352
10,6,1,79.1811889296817,0.26002602,460.553247332036,3.67019882
10,7,0.25,253.529369570398,0.24295715,356.904106372852,3.55800785
10,7,0.5,200.146497094301,0.30377124,457.062606648832,3.95229039
10,7,0.75,133.009009920049,0.31698303,506.539192536078,3.80580128
10,7,1,95.2758810667693,0.30154113,533.977562571256,3.79569677
10,8,0.25,325.40397672528,0.27238614,410.588583939333,3.70011237
10,8,0.5,273.421175784323,0.30828251,511.070449567904,3.66323943
10,8,0.75,192.983953044775,0.35039591,571.57424226919,3.90381748
10,8,1,146.545496615989,0.34482659,611.819900570016,3.89555891
10,9,0.25,364.150822680046,0.28980858,450.112969826626,3.79598027
10,9,0.5,390.974343934344,0.34361031,584.628738175332,3.98013526
10,9,0.75,291.317166132875,0.33721477,644.375572691316,3.92693355
10,9,1,198.488371848196,0.33810613,678.435826707664,3.77327827
10,10,0.25,430.341429491188,0.29533579,486.904116915811,3.7871873
10,10,0.5,551.050324184473,0.33879039,635.021794969808,3.85597802
10,10,0.75,684.284589176978,0.34675051,707.174302957563,3.90163252
10,10,1,748.765975401371,0.34104612,749.999299562462,3.91677771
10,11,0.25,472.90688476882,0.33096593,530.651163737745,3.91771106
10,11,0.5,663.801063033549,0.3183149,681.043048964415,3.81887393
10,11,0.75,768.952588409244,0.34405168,754.035642640067,3.92394205
10,11,1,833.038418778724,0.31573504,796.876675890978,3.76777954
10,12,0.25,527.715866081837,0.30543604,562.506688531687,3.83723233
10,12,0.5,712.791760461695,0.37535126,717.427280995595,4.12314297
10,12,0.75,822.230927270255,0.34070776,780.606857409978,3.99833812
10,12,1,860.56639436029,0.34034672,800.242266386783,3.99752129
10,13,0.25,576.700237521692,0.3288246,597.803522877555,3.93835526
10,13,0.5,757.00045197779,0.3573776,733.113447837135,4.11690368
10,13,0.75,844.638835285112,0.34740668,792.386974783049,4.02865517
10,13,1,881.502482099333,0.33597777,825.541918655205,3.9088152
10,14,0.25,596.177856117744,0.38493957,614.623754523464,4.01171907
10,14,0.5,787.742669276405,0.35348954,756.984554491942,4.10869559
10,14,0.75,862.328616364306,0.35293388,815.090386762389,4.0539916
10,14,1,893.938250612124,0.34491651,834.193391861814,4.02521149
10,15,0.25,639.685870634993,0.34144914,646.365574882281,3.94119933
10,15,0.5,809.129387982214,0.35325837,772.428871485359,4.13049085
10,15,0.75,871.167287048153,0.38487627,818.231204761489,4.34881036
10,15,1,907.247775649212,0.35385215,851.483724199986,4.03349179
10,16,0.25,655.9914110862,0.35726469,658.229649100248,4.17712167
10,16,0.5,830.961270354768,0.38128001,790.293748543314,4.43845113
10,16,0.75,884.363684470148,0.37494781,829.020354484583,4.41964027
10,16,1,910.679658574395,0.36963421,857.709579330668,4.14364967
10,17,0.25,706.550720739421,0.35273315,698.021519359641,4.28916066
10,17,0.5,847.427453433074,0.38785865,800.751793266796,4.47100009
10,17,0.75,900.194989043775,0.391916,847.827894603465,4.47400797
10,17,1,922.579731612753,0.36835216,855.460813789624,4.15850349
10,18,0.25,706.734994913387,0.37569871,694.661629316739,4.39497378
10,18,0.5,856.951586847938,0.39859521,821.365849834059,4.54638059
10,18,0.75,908.690583266422,0.36343859,860.396251488449,4.25423888
10,18,1,927.788860252704,0.37472672,861.365519220886,4.22328379
10,19,0.25,741.177140839987,0.37841247,724.231347633576,4.45974047
10,19,0.5,863.010298511451,0.41266497,813.069444008,4.62676719
10,19,0.75,911.962780990047,0.40896937,855.960932119488,4.53659428
10,19,1,930.471680914437,0.37550297,878.619828999807,4.23130042
10,20,0.25,755.90622318694,0.37274571,733.765429723438,4.38864999
10,20,0.5,871.877709910268,0.42042308,822.661687442813,4.67024821
10,20,0.75,917.345729483589,0.4305972,865.489254878894,4.72303674
10,20,1,936.586870424216,0.42371988,872.71758438456,4.70702544
11,2,0.25,59.0956392186083,0.15939891,104.352290662049,4.46927467
11,2,0.5,32.1833980418333,0.15055808,123.350744420113,4.28819831
11,2,0.75,28.7874358298452,0.14273419,129.360237896997,4.60614539
11,2,1,17.9093307197074,0.15261441,138.897200569655,4.69440903
11,3,0.25,97.9237787831054,0.16615619,169.093801825734,4.48771017
11,3,0.5,55.8758146855923,0.17675246,197.265389027135,4.66215669
11,3,0.75,35.4548332776536,0.17938808,218.270037477544,4.74484552
11,3,1,30.8020944340131,0.18230848,227.111368763386,4.61728984
11,4,0.25,120.878768666684,0.19367792,214.716107582638,4.8312661
11,4,0.5,74.862956295842,0.20781105,270.246125087014,4.83339822
11,4,0.75,51.5803373600693,0.19831896,291.992046166256,4.8323825
11,4,1,39.5480125858952,0.210304,308.006809855591,4.69911906
11,5,0.25,166.459800761962,0.21317712,282.32469445552,4.77327271
11,5,0.5,110.570685314892,0.24995872,334.790435092824,4.89599763
11,5,0.75,70.7559892725734,0.2468088,366.055176871609,4.93947484
11,5,1,54.637413900087,0.23737515,389.032564768733,4.89651122
11,6,0.25,211.325829678802,0.23619407,331.967837137867,4.77473825
11,6,0.5,135.489989634067,0.27718807,408.595729044347,4.95808037
11,6,0.75,92.5371537411863,0.2854673,443.478954043143,4.94128167
11,6,1,65.8878930387315,0.28379765,471.648828338437,5.16388083
11,7,0.25,255.42970500875,0.28762072,374.074641289075,4.8257272
11,7,0.5,178.218371909349,0.31180734,472.518529492168,5.19902687
11,7,0.75,114.624622993146,0.30982269,513.868648797685,5.10617086
11,7,1,90.1531569492577,0.3035377,541.672719722675,4.9474757
11,8,0.25,299.765145714238,0.2996739,426.05630850632,4.95671077
11,8,0.5,227.894529589505,0.35197577,526.429587209245,5.20909298
11,8,0.75,151.2758285064,0.35286032,574.973469308325,5.17399459
11,8,1,104.840779147658,0.35733652,612.455252745812,5.2744321
11,9,0.25,358.149079115603,0.31206131,475.336805729073,5.14622976
11,9,0.5,296.791113077405,0.39026485,613.560294955807,5.33315242
11,9,0.75,198.002467509632,0.39194441,652.096128908065,5.2765767
11,9,1,150.999760973198,0.40513852,696.326123544559,5.27568206
11,10,0.25,428.520188288547,0.32315666,526.447037995282,5.01780551
11,10,0.5,424.462260574153,0.38782212,658.045838672792,5.28119358
11,10,0.75,301.191325445717,0.40656294,719.568217723629,5.36596593
11,10,1,214.433457080787,0.3906612,771.003926805081,5.06711817
11,11,0.25,464.090368752466,0.36997801,546.66384200976,5.33191421
11,11,0.5,638.665172541647,0.41494572,721.68363780359,5.57314157
11,11,0.75,775.087682635963,0.4013093,796.717331849826,5.28259729
11,11,1,839.956738268283,0.40817707,841.173873147334,5.35479026
11,12,0.25,552.023434262404,0.35594782,593.828617826117,5.24753425
11,12,0.5,732.813769820625,0.40749123,756.039152235941,5.57160142
11,12,0.75,855.723242588904,0.38676771,837.521989007788,5.27174708
11,12,1,916.718865790223,0.39877329,859.123186051796,5.43140723
11,13,0.25,604.164472623383,0.37375729,638.158380548459,5.43168019
11,13,0.5,817.486838552239,0.4258783,806.964724098669,5.47449901
11,13,0.75,896.441806222245,0.40202222,859.862974717847,5.43625807
11,13,1,953.934323468464,0.40481235,902.995801503118,5.42331684
11,14,0.25,623.466359129459,0.40166311,651.898094470107,5.58546193
11,14,0.5,840.620557493897,0.42069213,817.161377681482,5.59733751
11,14,0.75,929.735612840442,0.42427204,884.325719646078,5.71469496
11,14,1,974.011260299958,0.41582475,911.371642248765,5.64535007
11,15,0.25,699.091545575977,0.41027123,710.770135084345,5.57810883
11,15,0.5,869.789732197863,0.42813526,836.35644884144,5.68401355
11,15,0.75,945.759502799006,0.42068801,899.975196898663,5.63423187
11,15,1,994.110115492392,0.40645898,930.375654194511,5.52629673
11,16,0.25,705.068812221741,0.40568971,719.382718831545,5.7345609
11,16,0.5,899.374969578751,0.43838124,858.833184053428,5.87561808
11,16,0.75,969.481590973439,0.42422982,918.8842897026,5.70134342
11,16,1,996.970079456327,0.42706912,931.214845404662,5.61952963
11,17,0.25,744.500079210776,0.42966804,741.21157142395,5.85463773
11,17,0.5,920.390692499381,0.44580469,876.799482743448,6.01144052
11,17,0.75,977.818301756568,0.43506187,921.814898662585,5.83207291
11,17,1,1005.36710412364,0.42682058,953.985380727184,5.67484078
11,18,0.25,770.378411803461,0.44873122,765.366291232767,5.78840463
11,18,0.5,927.537167900699,0.4505507,887.73446504574,6.03926365
11,18,0.75,992.930317649458,0.44183011,935.802738585108,5.93421924
11,18,1,1020.28032716192,0.45176548,951.175867431727,5.80700456
11,19,0.25,797.598768799718,0.4359078,787.406751379238,5.81646277
11,19,0.5,938.395709815879,0.48570404,894.235088993719,6.32801822
11,19,0.75,994.2171413803,0.47206932,937.460211391972,6.30347078
11,19,1,1024.15501722025,0.4451195,955.583596894451,5.98009224
11,20,0.25,820.487878417926,0.44296992,800.174844688134,6.0816249
11,20,0.5,959.608304101474,0.4783318,916.192345353477,6.3587358
11,20,0.75,1008.86097261703,0.45498245,950.683494652155,6.20400013
11,20,1,1024.80981616145,0.44063185,959.642188885514,6.01396009
12,2,0.25,60.2892196385632,0.15786491,109.788944366284,6.16480385
12,2,0.5,31.6453306770525,0.15458037,132.349859982321,6.2182426
12,2,0.75,21.7506586223445,0.15838618,137.414544356444,6.07460698
12,2,1,15.8154072968381,0.15128988,140.099990600791,5.92793031
12,3,0.25,81.5267821072076,0.17488387,165.260843415673,6.12540413
12,3,0.5,48.8033568491133,0.18735088,202.716394619254,6.19314722
12,3,0.75,31.8857360701777,0.18047691,223.595780787615,6.17103911
12,3,1,24.0516643703153,0.18998834,222.412781373798,6.13131567
12,4,0.25,122.706587247125,0.21952149,228.394078162588,6.48042311
12,4,0.5,75.5481503410666,0.23579727,283.163275608906,6.43309654
12,4,0.75,50.3156695469378,0.22255321,294.672894695421,6.53385555
12,4,1,34.3227946160585,0.22341976,308.413299490492,6.50195187
12,5,0.25,141.404174272425,0.23381812,264.850935554887,6.54935376
12,5,0.5,90.2774532147558,0.25954234,352.78574585128,6.67075845
12,5,0.75,64.3186373256344,0.2711545,379.218613865346,6.73730491
12,5,1,47.5513526045836,0.25030421,388.323078458043,6.55305185
12,6,0.25,202.746727346173,0.2811027,352.956842276894,6.566884
12,6,0.5,123.218944494671,0.32149667,412.126414839819,6.78410643
12,6,0.75,74.9378550818743,0.29611186,445.885945192498,6.65867095
12,6,1,66.1034905220024,0.28732838,468.686289988016,6.67575914
12,7,0.25,233.732742381695,0.30119332,381.487832128527,6.66682494
12,7,0.5,152.008911604066,0.3432364,486.715722786822,7.00592262
12,7,0.75,101.415735321217,0.35466827,519.993245201385,6.93851073
12,7,1,74.2398503072747,0.35160815,548.450993373239,6.88157559
12,8,0.25,287.804374818668,0.32141519,441.573891242288,6.68173166
12,8,0.5,192.208552494366,0.39286989,547.89322976656,6.98142434
12,8,0.75,122.813362009024,0.40806596,601.493095215213,7.17146358
12,8,1,97.4502351662395,0.40014941,635.47014497461,7.06398552
12,9,0.25,341.109156910536,0.38368384,481.494292379647,6.94108914
12,9,0.5,246.46397490991,0.43190396,611.62155923573,7.00249506
12,9,0.75,155.497324727535,0.42896465,672.075566618066,7.11142283
12,9,1,126.112583993813,0.43908771,701.995471735515,7.25084691
12,10,0.25,404.304543507292,0.39654315,546.172336392682,6.91285398
12,10,0.5,322.496731420739,0.47488058,688.49105909814,7.29643159
12,10,0.75,214.205300926908,0.4773335,732.106632471735,7.2371474
12,10,1,153.506390264082,0.47024928,774.282985976557,7.12855453
12,11,0.25,456.736245647494,0.42284777,580.305823700723,7.17081145
12,11,0.5,438.288505536864,0.49763539,726.887141327803,7.43324529
12,11,0.75,296.19130895166,0.49031555,806.519812288564,7.24889341
12,11,1,246.599975649137,0.47355993,863.399815743101,7.02322407
12,12,0.25,519.669948552573,0.42161159,617.336665436233,6.95176566
12,12,0.5,714.232689101932,0.47877973,808.061878548961,7.27349552
12,12,0.75,834.758193290935,0.49449506,884.572086409898,7.51300809
12,12,1,946.033124362437,0.49282234,940.278176279491,7.37284595
12,13,0.25,596.385133452185,0.45026346,681.593521874694,7.16094757
12,13,0.5,829.491746946968,0.51638849,851.648721011732,7.60851978
12,13,0.75,950.99388484958,0.47957488,922.262392605239,7.46003365
12,13,1,1002.54158288836,0.48588905,958.004689438888,7.50333679
12,14,0.25,655.193338231592,0.47674692,722.583916546079,7.49949973
12,14,0.5,876.314502127916,0.50005676,873.450970752153,7.68972351
12,14,0.75,983.717403930597,0.50067093,947.059297263719,7.73570967
12,14,1,1043.11667172094,0.48234501,987.93485074777,7.54955359
12,15,0.25,684.139450573364,0.51614698,730.69752764108,7.87480613
12,15,0.5,934.507203767576,0.49757395,911.181099927376,7.59744008
12,15,0.75,1023.4133597681,0.50663441,967.066034093189,7.91128049
12,15,1,1055.95568934235,0.47442159,996.657199406107,7.54509756
12,16,0.25,757.807165240671,0.48943361,781.78953468836,7.63845684
12,16,0.5,969.453897108513,0.50017916,933.007692634746,7.68380686
12,16,0.75,1036.33332805461,0.55501956,985.125599912116,8.32076095
12,16,1,1080.22354402054,0.51157538,1020.68625640025,7.59459473
12,17,0.25,797.291852024147,0.49131447,805.00979379241,7.79274454
12,17,0.5,993.296905078477,0.50543153,948.110458632826,8.00292659
12,17,0.75,1062.46977593219,0.52242209,1003.93781422562,8.00155902
12,17,1,1095.07186010337,0.50637629,1025.16018920393,7.69872459
12,18,0.25,827.560314604857,0.50889112,828.306255968133,7.75237581
12,18,0.5,1014.80405005889,0.52999608,970.483578499153,8.21003401
12,18,0.75,1066.2643458309,0.54124109,1013.50354428101,8.26296171
12,18,1,1103.1747860676,0.56354732,1036.77733790392,7.97309518
12,19,0.25,852.094997473355,0.50885705,853.205959404211,7.94090352
12,19,0.5,1019.92720865926,0.56226072,973.819262784847,8.47208439
12,19,0.75,1081.77837795789,0.54809159,1017.23943958772,8.3363419
12,19,1,1114.26924319142,0.53789858,1048.07597119645,8.10848307
12,20,0.25,870.15542737392,0.52402852,858.875164373999,8.07091557
12,20,0.5,1037.13868022946,0.56627959,994.809234337863,8.56471158
12,20,0.75,1093.20181114352,0.56054352,1023.80811074751,8.57962609
12,20,1,1117.80065059152,0.56695156,1050.41505112804,8.53941559
13,2,0.25,52.073824426877,0.15523768,113.377985174006,8.0085826
13,2,0.5,30.6433318970983,0.16077111,125.565140604433,8.08808567
13,2,0.75,19.1128111054355,0.16140317,141.950351678608,7.94148257
13,2,1,14.4787366245929,0.15946763,140.53704585939,8.02376775
13,3,0.25,81.6196631751373,0.19067946,166.601897505675,8.44198243
13,3,0.5,48.4563105260905,0.20958856,210.21732907016,8.84908009
13,3,0.75,32.9999764008998,0.19176865,220.3121622446,8.76273872
13,3,1,23.3647024711412,0.1913701,229.731764301791,8.48794957
13,4,0.25,117.020555412409,0.22136417,238.86728974933,8.56790895
13,4,0.5,64.9003533783452,0.23190836,281.25382720819,8.77116836
13,4,0.75,40.8335884956313,0.25304754,298.473710573489,8.68002554
13,4,1,33.8095865524333,0.24374472,318.98016397896,8.65774767
13,5,0.25,152.712466452719,0.26916688,283.967305338683,9.04616168
13,5,0.5,84.9972114331895,0.2789535,354.931352320808,8.9726944
13,5,0.75,58.8539331712305,0.370881,375.402885347992,8.92446404
13,5,1,45.1581253284107,0.29619602,392.777215128113,9.35179317
13,6,0.25,180.103436072429,0.30367134,340.681406609455,8.9424754
13,6,0.5,112.216944165901,0.33511413,425.634043310049,8.97489224
13,6,0.75,72.6537781850544,0.31735305,457.229189303745,9.07071283
13,6,1,55.3162798002235,0.33379604,471.670171557385,9.07014086
13,7,0.25,225.875215277895,0.33794659,407.303028552202,8.90309172
13,7,0.5,129.279395845831,0.3691079,494.050354617836,9.38851535
13,7,0.75,90.7643940326122,0.37515624,537.513060894159,9.28220012
13,7,1,69.7091806541628,0.36462191,556.766811552545,9.16672348
13,8,0.25,283.579019875791,0.37163765,456.135002618999,9.15591776
13,8,0.5,174.795774566711,0.43431883,568.076512038886,9.69157124
13,8,0.75,110.969621765478,0.43092122,606.347081449967,9.7038061
13,8,1,91.956847510889,0.41886779,635.285149902717,9.39551516
13,9,0.25,325.81013053063,0.41210782,507.817347146312,9.28298812
13,9,0.5,215.163799810066,0.48174945,630.643889350844,9.69797465
13,9,0.75,147.368614317123,0.473015,694.677760752517,9.73038679
13,9,1,104.69641664289,0.47821365,724.295626512032,9.52570534
13,10,0.25,372.339509821355,0.46375683,550.49699571084,9.25804507
13,10,0.5,274.792102647855,0.52055128,699.898289927453,9.72453542
13,10,0.75,189.610130671049,0.53409355,760.029587214335,9.7081282
13,10,1,124.605296110774,0.52460802,787.318443537841,9.68230186
13,11,0.25,422.05210290395,0.51341063,599.376418304364,9.7986793
13,11,0.5,327.520349029656,0.56523978,771.890723437098,9.80098736
13,11,0.75,231.550002999376,0.57643626,839.459296863327,9.74998302
13,11,1,172.10775140077,0.58419378,860.357973150677,9.90116796
13,12,0.25,528.498862765922,0.49218951,666.727436278226,9.306347
13,12,0.5,472.764902530315,0.58385222,815.375829745313,9.98215659
13,12,0.75,316.540313686257,0.60772002,904.906019259041,10.13622017
13,12,1,262.454644581362,0.57952532,951.148924842734,9.7217105
13,13,0.25,594.156778942172,0.54001853,693.866954337835,10.0777069
13,13,0.5,794.103290603669,0.59048849,887.587063356855,10.23975685
13,13,0.75,936.793860461474,0.58807256,976.903301358646,10.20119964
13,13,1,1033.91047298245,0.57709075,1019.4151538144,9.81286313
13,14,0.25,667.499796150265,0.55656642,751.979481268393,10.1631484
13,14,0.5,917.001356555522,0.58069813,931.373537111167,10.24693428
13,14,0.75,1032.11809754054,0.6048219,1011.1537062117,10.43800666
13,14,1,1104.37588050324,0.57571685,1051.52522152266,10.08133371
13,15,0.25,720.951556763121,0.57003724,780.370374042713,10.27994965
13,15,0.5,965.903916909375,0.60344323,956.608518935448,10.5650878
13,15,0.75,1081.26199583106,0.59611058,1036.81564244147,10.5080433
13,15,1,1135.12174305317,0.58995061,1080.97708423946,10.29630271
13,16,0.25,770.753357511517,0.57872519,822.322026264831,10.14879089
13,16,0.5,1015.98423817115,0.60957258,992.840849278361,10.58939609
13,16,0.75,1118.54080172457,0.60441717,1069.71135413244,10.52133529
13,16,1,1161.46370932884,0.5832779,1092.86848662576,10.10246103
13,17,0.25,838.887365129496,0.57834105,850.499134540735,10.63139485
13,17,0.5,1043.63116123092,0.63364848,1010.03814941815,11.14715639
13,17,0.75,1132.9139021985,0.63125063,1083.26931293837,10.85819944
13,17,1,1173.89559242828,0.59116445,1106.25220040711,10.36025671
13,18,0.25,864.649941197801,0.60812207,873.880520562929,10.76368446
13,18,0.5,1059.85904395483,0.65367313,1025.93463642499,11.40870618
13,18,0.75,1147.26876265247,0.64814783,1091.35952137079,11.13158764
13,18,1,1191.42297541015,0.59859368,1118.3895254591,10.61414174
13,19,0.25,902.210874005874,0.60457985,903.706991367384,10.76288624
13,19,0.5,1103.12959786465,0.65853237,1050.6962865024,11.55555542
13,19,0.75,1166.63281046105,0.65412475,1109.13350155491,11.35169675
13,19,1,1194.39010148365,0.63269961,1128.53840032966,10.85596695
13,20,0.25,938.430899357199,0.64216923,931.414858246046,11.45033367
13,20,0.5,1114.71405665324,0.68289913,1066.47718669133,11.52558862
13,20,0.75,1178.50625901978,0.64787379,1109.40165612045,11.20534261
13,20,1,1201.53928707585,0.63790155,1137.61728569826,11.25098317
14,2,0.25,62.9480935461825,0.16539539,113.33430610409,10.22717466
14,2,0.5,27.6272818880942,0.16083656,123.097031168838,10.0389828
14,2,0.75,18.6122460519641,0.16369184,141.247078567022,10.13383342
14,2,1,13.3548056586608,0.16320485,142.052827108787,10.07127203
14,3,0.25,81.1381271077218,0.19878094,178.617862443196,10.78991839
14,3,0.5,44.0440631793782,0.21580309,206.49577548355,11.02157832
14,3,0.75,30.5280539709031,0.2196233,223.397427116426,11.17379121
14,3,1,20.2365687521601,0.19979358,236.175376643434,10.78486422
14,4,0.25,103.496033559663,0.25043825,230.113470057909,11.0889838
14,4,0.5,61.5732911222066,0.25699678,290.03712251903,11.61682467
14,4,0.75,39.5614031429494,0.2646562,306.304313438029,11.34650735
14,4,1,29.6167117893427,0.25177405,317.300983155926,11.17408101
14,5,0.25,137.65964002653,0.38026936,296.161163180074,11.27343385
14,5,0.5,74.5282307724515,0.30727224,360.58132054658,11.94291147
14,5,0.75,52.7453087487015,0.30611098,378.264093791878,11.65867054
14,5,1,41.5481927869593,0.31273866,397.68179651918,11.91578196
14,6,0.25,184.659385057392,0.3303665,361.175377637976,11.5608825
14,6,0.5,101.548663303253,0.33980199,434.47861381504,11.95037051
14,6,0.75,73.0384839221512,0.35594874,467.524225790125,12.13678146
14,6,1,51.3531309455962,0.33694734,488.047340882552,11.74116226
14,7,0.25,217.082771196799,0.35259006,407.53181626002,11.54687777
14,7,0.5,123.146655908034,0.40641696,502.052022641686,12.3690462
14,7,0.75,79.5258013406599,0.40500707,537.044876787826,12.65796312
14,7,1,59.3476619592537,0.40189391,567.787984313005,12.24696998
14,8,0.25,262.805491324363,0.42916721,473.711512810302,12.10944446
14,8,0.5,158.937821113869,0.45583175,571.758498411969,12.46150785
14,8,0.75,104.288704365362,0.44747185,616.442607856389,12.71985933
14,8,1,79.6918677403594,0.44354464,642.62179292319,12.2073975
14,9,0.25,288.721066400396,0.48714579,515.254814062011,12.17873076
14,9,0.5,194.967202635508,0.52619418,648.348323141042,12.82689652
14,9,0.75,125.542220445403,0.51774576,690.295175983481,12.63166537
14,9,1,96.5385220221617,0.52114491,723.342875332066,12.79933483
14,10,0.25,373.62988912823,0.50072219,588.2655258354,12.30076755
14,10,0.5,222.488904464833,0.59007796,716.18008529975,13.36060329
14,10,0.75,152.758031693891,0.62018647,772.887289043289,13.05646305
14,10,1,113.337360473035,0.55853603,812.252779219149,12.94332128
14,11,0.25,428.92643262708,0.57735048,631.183736277359,12.61969555
14,11,0.5,270.401163186199,0.65136274,786.040232179322,13.43888487
14,11,0.75,183.487717991487,0.6670653,849.810974793991,13.37423443
14,11,1,143.577020736348,0.63381299,878.928660405369,13.12904807
14,12,0.25,484.091801116929,0.60381065,672.452890183973,12.92293228
14,12,0.5,352.513590867669,0.71399367,834.868432778722,13.75087892
14,12,0.75,224.798472196276,0.72769527,910.565769567643,13.67700226
14,12,1,185.96264085026,0.68684023,954.209318750599,13.16318926
14,13,0.25,575.739489559931,0.6224684,727.799811416336,13.07462583
14,13,0.5,510.513779168181,0.71225189,896.36539597174,13.45378743
14,13,0.75,351.056798124804,0.70027809,995.718448760332,13.13374946
14,13,1,247.648827655434,0.73905481,1031.34469915678,13.94368253
14,14,0.25,639.052883815761,0.63809714,773.305362178476,13.51795076
14,14,0.5,850.47815974469,0.71422947,975.961985403201,13.758635
14,14,0.75,1017.88785444921,0.70213799,1055.16723993802,13.40281814
14,14,1,1129.84107817592,0.67792185,1113.82726099806,12.90441877
14,15,0.25,709.011315664509,0.64769135,813.557523037478,13.42695975
14,15,0.5,1001.4790615643,0.72305208,1021.7134639188,13.96604061
14,15,0.75,1138.08472184425,0.69777619,1107.06528175672,13.53211758
14,15,1,1184.17111522007,0.6840849,1146.27109299168,13.51463476
14,16,0.25,769.879545613271,0.66971631,841.815855950667,13.36074302
14,16,0.5,1061.66325884268,0.716975540000001,1047.21687199163,13.8051418
14,16,0.75,1179.71696449631,0.78649449,1121.92253888068,13.95158861
14,16,1,1240.98322267425,0.70789934,1180.00175393545,13.64620968
14,17,0.25,857.715045610613,0.6642504,900.037569273739,13.66752083
14,17,0.5,1114.15102270464,0.73637842,1085.35285222058,14.39454451
14,17,0.75,1202.42437352343,0.73292195,1154.60066894287,14.27771653
14,17,1,1245.70582354479,0.72150398,1182.86003253344,13.74364624
14,18,0.25,899.487101736413,0.71269055,927.937657102271,14.00940612
14,18,0.5,1144.30322099292,0.7660211,1100.75769960735,14.51316208
14,18,0.75,1222.68465249266,0.73399856,1161.8502551603,14.16115338
14,18,1,1268.21658082624,0.72947545,1196.01665573356,13.71400247
14,19,0.25,955.808288069338,0.70153379,960.885286496178,14.24606879
14,19,0.5,1165.78601277542,0.76770857,1129.33730726119,14.78701777
14,19,0.75,1240.8091247094,0.81930096,1187.63185085307,15.05290801
14,19,1,1287.04639662618,0.71924522,1227.63236431423,14.00762336
14,20,0.25,983.680899557791,0.73384537,989.682667728238,14.36026723
14,20,0.5,1183.9166857966,0.75163548,1140.26863219074,14.56875538
14,20,0.75,1252.84967519216,0.75138168,1190.57869300476,14.55400051
14,20,1,1288.55794003221,0.75900486,1219.52485028776,14.46116037
15,2,0.25,48.006195849322,0.18831167,110.104670280311,13.02513799
15,2,0.5,23.8338611457301,0.17672326,130.282497339286,12.87266541
15,2,0.75,16.1399088520408,0.18135224,130.566257712432,12.79580134
15,2,1,11.5605566945628,0.17582424,136.503863892819,12.72863546
15,3,0.25,71.8538986640533,0.20264363,178.560507390502,13.85547242
15,3,0.5,38.943908386155,0.21101771,207.399196380677,13.75487294
15,3,0.75,29.200833570206,0.21708843,220.493569459125,13.37037138
15,3,1,19.350824673327,0.22623246,231.619228034402,13.65761634
15,4,0.25,103.616546924057,0.24936641,242.662723341111,13.87599126
15,4,0.5,53.5933781858959,0.27382411,273.963464840477,14.3643957
15,4,0.75,36.4063408276783,0.27106263,318.140275647599,14.43868632
15,4,1,28.1200637475138,0.30110753,308.282996563655,14.44692177
15,5,0.25,146.629660384506,0.30314193,311.59697258892,14.31413108
15,5,0.5,75.4374347672524,0.33047911,368.713964810348,14.86386036
15,5,0.75,43.5977779910898,0.32072637,398.497734579233,15.0865994
15,5,1,38.7211408866838,0.31478382,410.170760675737,15.17684961
15,6,0.25,168.110617962584,0.34377685,357.165721725833,15.1717221
15,6,0.5,91.9725211687999,0.36545084,445.797073926654,15.52822841
15,6,0.75,59.3110474334893,0.37356364,472.715111702205,15.49871553
15,6,1,45.8455590714628,0.36301724,488.996640028336,15.63703804
15,7,0.25,209.444153926807,0.40350904,425.795382738742,15.45991386
15,7,0.5,116.304866721477,0.4233716,512.391511052592,16.0968193
15,7,0.75,80.4523871574563,0.43906278,550.802600446068,16.12258079
15,7,1,58.0462995352397,0.42220941,573.905254890662,15.86191723
15,8,0.25,244.752241140262,0.44416267,477.410793655214,15.69713588
15,8,0.5,134.28008015295,0.49245117,589.127279645607,16.30872215
15,8,0.75,94.1729080059188,0.49900153,619.697553666323,16.43312189
15,8,1,74.2088519730713,0.48195828,652.800479188842,16.05493924
15,9,0.25,297.614325868804,0.57873143,559.020160474422,15.51655314
15,9,0.5,167.566605408248,0.54495548,655.884502371266,16.34763122
15,9,0.75,108.332639674846,0.55768776,711.825479607937,16.68208105
15,9,1,87.8112292881409,0.55594835,725.364825392576,16.23321856
15,10,0.25,345.383186231122,0.58433241,597.251595551856,16.22784546
15,10,0.5,194.548790795028,0.61543721,719.154628412375,17.14587311
15,10,0.75,132.711784787,0.79459824,773.327497579813,17.11653773
15,10,1,99.6724649709349,0.61840236,812.72099820382,16.48779553
15,11,0.25,427.85372719689,0.73298901,655.373753632194,16.63945274
15,11,0.5,256.239011099455,0.72352627,800.17404781238,16.78845464
15,11,0.75,155.625476161608,0.68532281,855.079837775606,16.62513774
15,11,1,120.160565348548,0.68079371,890.038829834104,17.06526937
15,12,0.25,478.436060493963,0.67339628,715.300362384569,16.38995635
15,12,0.5,287.965622641487,0.76450264,858.309177994396,17.03727497
15,12,0.75,203.287497126694,0.76402201,923.823644479114,17.12194739
15,12,1,144.017180566495,0.74434,966.877012039067,16.63204884
15,13,0.25,520.158452498098,0.69786423,739.720152732784,16.92435306
15,13,0.5,368.286967544451,0.81984938,939.968495254805,17.06777943
15,13,0.75,244.50128066553,0.8331352,1012.24529437364,17.17303077
15,13,1,195.740779735003,0.82408171,1053.59796946511,17.0986512
15,14,0.25,627.138478549576,0.75028687,806.331388533159,17.41265277
15,14,0.5,517.513909649035,0.86021386,997.243784576493,17.85577254
15,14,0.75,347.254508516475,0.90471588,1074.2304501504,18.01122799
15,14,1,251.254963939992,0.79547115,1122.46184789994,16.37807896
15,15,0.25,714.084751073255,0.7700028,857.717263878047,17.33858275
15,15,0.5,923.134453404099,0.83145393,1040.50130347162,17.55422069
15,15,0.75,1135.98929059699,0.87167119,1147.79269300815,18.08983779
15,15,1,1221.40300994254,0.83290854,1211.47627724694,17.30112544
15,16,0.25,777.68572305565,0.77654661,898.533073021596,17.64718699
15,16,0.5,1068.27699121579,0.89192252,1084.95602527411,18.06222116
15,16,0.75,1213.42858856536,0.85105251,1184.80510692522,18.30984134
15,16,1,1280.6460798242,0.82536388,1225.34409643726,17.70150308
15,17,0.25,853.824257239699,0.79154881,925.03317685651,17.40671595
15,17,0.5,1155.07220738242,0.85850348,1139.88437938992,18.21999841
15,17,0.75,1263.14136159939,0.85961255,1216.52899750109,18.65318321
15,17,1,1319.2188292264,0.82903117,1260.1617086554,17.92986285
15,18,0.25,929.306120973603,0.89847862,973.050033847106,17.57326611
15,18,0.5,1198.47811973599,0.84818052,1168.08245297698,18.25959096
15,18,0.75,1295.09564242729,0.88287254,1237.17143450824,18.67680616
15,18,1,1349.36799058313,0.82347461,1275.03004864968,17.69919917
15,19,0.25,968.120778496947,0.871443290000001,1000.3763478701,19.17614916
15,19,0.5,1230.35903313815,0.97054433,1193.57415468632,19.02485782
15,19,0.75,1322.68134326508,0.86184269,1256.28136689681,18.35097131
15,19,1,1364.48159034302,0.84899656,1288.83459689061,18.01657524
15,20,0.25,1035.42138627122,0.85926587,1039.83774247373,18.9358687
15,20,0.5,1260.55039575332,0.89208416,1214.88934372165,19.23260367
15,20,0.75,1341.96983906872,0.85473051,1278.47009723521,18.50603305
15,20,1,1379.2915166885,0.83845583,1311.62623895542,17.88805667
16,2,0.25,43.5939225812359,0.17790293,117.633313450363,16.19377963
16,2,0.5,27.0527911626888,0.1853108,140.812148548147,16.59690473
16,2,0.75,16.4857127966389,0.18214721,134.311505903971,16.46188089
16,2,1,11.3320654571432,0.18531489,144.776022750594,16.38554474
16,3,0.25,74.5020727399356,0.22758489,185.670611427661,17.64650046
16,3,0.5,37.7250618320169,0.22505379,215.672119375722,17.44453014
16,3,0.75,24.726711571569,0.22819021,224.66598971455,17.75021493
16,3,1,18.5871747091855,0.22446713,230.485509160612,17.20302748
16,4,0.25,97.0743968750053,0.27089409,243.605446546682,18.35691801
16,4,0.5,53.5326572085189,0.27670865,294.589744261476,18.59705769
16,4,0.75,35.6062890552907,0.28905692,316.176487009007,18.44452449
16,4,1,26.889008788023,0.27380249,324.443315035812,18.10102897
16,5,0.25,121.188002622268,0.3288097,301.821725005816,19.24135486
16,5,0.5,64.9432214454329,0.40352093,369.565441268043,19.3773065
16,5,0.75,46.3350332288824,0.3392905,389.544307664442,19.36419854
16,5,1,31.3057873188238,0.34270124,402.760978434612,19.49795208
16,6,0.25,154.148188611928,0.38258181,374.181481910421,19.72228807
16,6,0.5,80.9698930867654,0.38534335,458.188555529364,20.00286415
16,6,0.75,58.1730837996558,0.39509418,466.65159492535,19.87917812
16,6,1,42.9136913299031,0.38739358,490.37846865483,19.61815168
16,7,0.25,197.025752826762,0.42545838,437.625464056475,19.35531532
16,7,0.5,101.959627165085,0.45734437,515.300311789183,20.18029589
16,7,0.75,70.2120373690949,0.466252,564.39428503485,20.55499546
16,7,1,50.3854584069837,0.44137778,572.626818912836,19.93178947
16,8,0.25,225.3309118115,0.49477314,486.715116314662,20.39636881
16,8,0.5,124.088959042678,0.51758549,605.483341287377,20.67942906
16,8,0.75,82.0541001294938,0.5261757,628.866653519783,20.85840975
16,8,1,62.0556879422256,0.51637511,659.519669473451,20.57720419
16,9,0.25,278.219067058862,0.56332553,558.251753732908,20.14738021
16,9,0.5,152.403508091181,0.62169531,661.199766308115,21.73337551
16,9,0.75,99.789017124816,0.58810175,713.235989431094,21.17252591
16,9,1,75.8689334351074,0.58243652,740.099790422213,20.94716118
16,10,0.25,313.088502311404,0.62049621,594.569134607505,20.55908878
16,10,0.5,178.114003278493,0.66715898,731.366986035421,21.58892207
16,10,0.75,123.000280383983,0.67008013,785.490308637277,21.16633173
16,10,1,87.5751430684942,0.69109917,828.45826674083,22.67205499
16,11,0.25,370.084859678575,0.65594223,655.570755631337,20.88592497
16,11,0.5,209.368567401741,0.75203144,801.60950430714,21.83083111
16,11,0.75,143.733366060235,0.75161261,869.93891444798,21.5384293
16,11,1,105.617726842975,0.75746665,899.575363754562,21.55250805
16,12,0.25,441.17813769026,0.747556209999999,729.889471861124,21.51111481
16,12,0.5,263.35757008426,0.84376311,878.021409745121,22.05863293
16,12,0.75,175.697671304651,0.83263352,940.632313364901,22.17232063
16,12,1,128.277230092804,0.81285938,979.221612393528,21.27018177
16,13,0.25,512.314048305296,0.78743961,779.64412718839,21.1891887
16,13,0.5,300.791152143882,0.9507047,936.347208939944,22.90971206
16,13,0.75,211.743942134514,0.92762088,1022.49210586474,22.4317868
16,13,1,158.52214886018,0.915158540000001,1062.42384843579,22.76172154
16,14,0.25,568.983007592038,0.88847075,813.066596461896,22.69534785
16,14,0.5,382.234538677344,1.00297219,1005.45859083024,22.78528215
16,14,0.75,259.21168790385,1.03062332,1082.60548982948,22.70177714
16,14,1,193.873169819991,1.03575819,1136.21543029709,22.72122975
16,15,0.25,649.249503289684,0.86209022,882.646332827364,21.37040523
16,15,0.5,503.836466348469,1.03106521,1076.44030073558,22.36570213
16,15,0.75,357.483448601655,1.04148711,1160.92067707432,23.43477266
16,15,1,282.208066841926,0.96386455,1219.20923896302,21.84296467
16,16,0.25,771.60106215633,0.897130709999999,921.167371059119,22.03515356
16,16,0.5,1005.0942082659,0.998715540000001,1141.84523360539,23.0276051
16,16,0.75,1200.51691579438,1.03017652,1243.46743648536,23.54150139
16,16,1,1301.70539563899,1.00429878,1289.26004199651,23.09806061
16,17,0.25,839.220579707117,0.90461447,971.460002535747,22.58268258
16,17,0.5,1187.95012418209,0.98542982,1200.44182566599,23.07743436
16,17,0.75,1310.93530458863,1.01902178,1281.57327442709,23.69591545
16,17,1,1381.0665182989,1.00438813,1325.43620663909,23.21737998
16,18,0.25,916.139692585374,0.95588788,1016.30788208105,23.07300426
16,18,0.5,1242.38186315065,0.99732149,1227.22303159933,23.64343779
16,18,0.75,1353.8467935381,1.03973463,1310.18431517005,23.84512756
16,18,1,1419.81727171666,0.974887879999999,1352.60260968699,22.62146722
16,19,0.25,994.432424048571,0.93617093,1041.87350688232,22.84889238
16,19,0.5,1274.95312888437,1.0502801,1253.07808775865,23.90368773
16,19,0.75,1381.81848571743,1.12399029,1328.86115894827,23.61476164
16,19,1,1447.85859218494,0.96626021,1376.05347195167,22.703998
16,20,0.25,1063.38034871351,0.94648298,1092.92923341035,22.77998835
16,20,0.5,1330.7925025649,1.04342183,1286.12448457477,24.71694313
16,20,0.75,1419.27974536858,1.08057528,1359.63515220636,24.98045068
16,20,1,1457.90362186725,1.01391994,1377.48598312269,23.16878127
17,2,0.25,41.4696060192582,0.18364792,115.089384732276,20.67003951
17,2,0.5,19.9324195582349,0.19205908,128.812261921561,21.24475257
17,2,0.75,15.3359904068839,0.19563826,142.927595564028,20.65878705
17,2,1,12.9676946651325,0.19144205,142.956312066377,20.54966842
17,3,0.25,62.5217459526716,0.30310184,189.134511715586,21.39013709
17,3,0.5,34.9166948719899,0.24019462,208.610267586259,22.64211122
17,3,0.75,22.9309413177956,0.2556984,221.666874865209,22.68008122
17,3,1,18.6167346279753,0.23524483,237.909544108054,22.63393804
17,4,0.25,92.5867401598596,0.28870233,259.249148331176,22.89324566
17,4,0.5,50.9874122323622,0.32135632,293.764929859917,23.33198985
17,4,0.75,30.9071753242908,0.29567108,314.648686841441,23.84403973
17,4,1,25.043915184879,0.30083802,319.632467116427,24.21029748
17,5,0.25,118.734437981957,0.34543926,312.917126730796,25.10628143
17,5,0.5,68.7975853462549,0.41491994,369.719690315606,25.18522675
17,5,0.75,43.4611393285051,0.36349964,395.785654325905,25.20880973
17,5,1,32.0292873351472,0.35365435,412.037273471371,24.29932097
17,6,0.25,159.871315541673,0.4031611,376.971073076652,24.82029242
17,6,0.5,75.9383213690199,0.40843039,448.276817370628,24.75782815
17,6,0.75,54.0567620111816,0.42426026,477.145556084532,25.26815183
17,6,1,38.5008351969147,0.43258128,498.465085802255,26.03369728
17,7,0.25,183.71178123486,0.47305626,445.277506705849,24.64920031
17,7,0.5,101.428095048047,0.48972023,526.734910117084,25.9564884
17,7,0.75,64.3114715298232,0.50088638,551.555873170356,25.88880952
17,7,1,52.7753852310635,0.48401823,592.874085627573,26.30377855
17,8,0.25,212.15034141092,0.59079083,501.803644950467,26.31613197
17,8,0.5,117.29551949169,0.5664477,597.231935322324,26.90783543
17,8,0.75,77.7539332855136,0.57181063,629.550594075842,27.05055297
17,8,1,55.1125866466469,0.5660451,655.271626444239,26.58785742
17,9,0.25,253.813060906874,0.60462475,574.696078230414,26.21046905
17,9,0.5,137.079160593538,0.64688201,678.94826139848,27.63260235
17,9,0.75,90.0246851665145,0.67643216,708.34738044113,27.02423237
17,9,1,72.2987018209811,0.63586023,750.466179195489,26.4220229
17,10,0.25,290.831123098661,0.69197572,613.716904073369,27.65213385
17,10,0.5,162.223334512412,0.71991956,739.240735850374,27.67053793
17,10,0.75,105.237806077858,0.73891158,811.653223262812,27.78575497
17,10,1,78.5251252602437,0.73800403,820.267289348925,27.73616763
17,11,0.25,364.063266180944,0.74347592,690.324603642233,26.06290642
17,11,0.5,187.514523000592,0.80997861,817.286212843757,28.39783726
17,11,0.75,121.987190973663,0.79309388,866.408370972329,28.07203133
17,11,1,95.5334568314984,0.78406261,903.338843055112,27.3264084
17,12,0.25,401.95735420062,0.81751781,732.964446540644,26.93313194
17,12,0.5,225.599945067837,0.91746893,881.560943293335,28.97682213
17,12,0.75,148.151234413481,0.92780963,950.002824821713,28.62772879
17,12,1,115.212030581885,0.87937064,994.889410090553,27.58366828
17,13,0.25,454.804118296706,0.88525105,799.561218730797,27.54395732
17,13,0.5,259.737856853814,1.10922779,958.251005631829,29.0076276
17,13,0.75,182.706732395411,1.00430684,1022.86052000157,28.32137981
17,13,1,136.048479240325,1.05363975,1078.10985011742,28.18159744
17,14,0.25,519.930317710767,1.2644075,848.115059816526,27.45651098
17,14,0.5,300.328311174039,1.11758007,1025.8760477816,29.52995177
17,14,0.75,216.13489819177,1.09242349,1110.73300792058,29.09852636
17,14,1,160.218329717616,1.06975538,1150.74731137651,28.67002577
17,15,0.25,592.913964668866,1.04754868,891.336792013682,28.32317429
17,15,0.5,396.917427636405,1.23708878,1092.51218226973,30.3860216
17,15,0.75,272.700661979705,1.2060517,1182.32957468363,29.25686578
17,15,1,212.583038591293,1.16183951,1228.42089169111,27.96196073
17,16,0.25,724.26600211519,1.11237161,957.074991201598,27.95864522
17,16,0.5,536.024196971124,1.18124089,1165.9118853771,29.70450922
17,16,0.75,377.659842777433,1.204391,1244.9385308145,29.05915376
17,16,1,284.066945377459,1.1657642,1311.24450628246,29.119423
17,17,0.25,814.489456478392,1.05483306,1011.5138054068,28.5267443
17,17,0.5,1109.23216672755,1.41248037,1238.8786629464,29.85667514
17,17,0.75,1278.1840519627,1.33555748,1328.5184522532,29.89604519
17,17,1,1399.19673155639,1.1104935,1383.5927592022,28.20921363
17,18,0.25,925.717188639548,1.07440558,1053.55116605061,28.2600015
17,18,0.5,1231.29093699675,1.21450309,1258.27414776434,30.41482004
17,18,0.75,1408.51697064059,1.17333556,1375.12856907254,29.53316995
17,18,1,1470.16984915078,1.14327402,1414.84169352204,29.11177839
17,19,0.25,1002.09872996997,1.11515215,1092.86033783068,29.21661493
17,19,0.5,1319.40795116374,1.21204238,1315.00841563614,30.60265297
17,19,0.75,1447.86239225909,1.222075,1391.72489548244,29.66308608
17,19,1,1512.81198851693,1.1853693,1436.7447520846,30.11023282
17,20,0.25,1089.86431327384,1.1261559,1130.36709047151,29.52954592
17,20,0.5,1372.13594165349,1.22694955,1344.31708341918,30.48910059
17,20,0.75,1484.16245430503,1.18033608,1418.17097683311,30.00132137
17,20,1,1542.12881125932,1.16769919,1458.61250363141,29.73592674
18,2,0.25,40.0132543843127,0.19870264,112.962397964471,25.90689265
18,2,0.5,23.9057524782889,0.20061531,142.493016256579,25.72262415
18,2,0.75,15.7969770697975,0.19911688,140.009878686969,26.16325368
18,2,1,11.1649446859935,0.20061104,147.537931417887,26.04861682
18,3,0.25,61.2014398534991,0.26689358,192.745452217779,27.69369554
18,3,0.5,34.0248024368115,0.27137525,211.463575628288,27.43672434
18,3,0.75,24.7414620191994,0.26039056,233.260245579907,28.16137606
18,3,1,16.5458257647645,0.25785079,232.474814609245,28.08551765
18,4,0.25,87.3258956509058,0.31296831,258.980590690486,28.72518199
18,4,0.5,48.6599099392936,0.32904873,302.075050847652,29.95596817
18,4,0.75,29.8939615466454,0.33314547,311.31771867912,30.05562756
18,4,1,22.5896709090085,0.32001303,322.82736061475,29.44900201
18,5,0.25,115.186468201729,0.36589537,321.838512639791,30.88227854
18,5,0.5,61.0421893573354,0.38048281,361.982006352427,31.22140069
18,5,0.75,38.3327296812772,0.38183203,395.658627660571,30.73303279
18,5,1,29.6678160538986,0.37342739,401.155969394065,30.45871273
18,6,0.25,144.903250370649,0.44225704,391.334520254819,31.69394235
18,6,0.5,74.0681285905086,0.44695535,452.75015364692,32.26422664
18,6,0.75,47.6221368441527,0.4447979,471.068688383488,31.9591998
18,6,1,36.749432429519,0.50227142,491.929138506062,31.74165219
18,7,0.25,158.146750056277,0.50750576,433.01149475507,32.26298763
18,7,0.5,91.6483110087629,0.51902782,539.851072894241,32.97169538
18,7,0.75,58.5694040882402,0.52579923,564.010234257515,33.04522653
18,7,1,42.837942198953,0.51873337,587.768850451161,33.34115606
18,8,0.25,204.360156421365,0.58611541,521.00583709055,33.93827257
18,8,0.5,103.223095406287,0.6571845,602.059753911459,33.27820607
18,8,0.75,72.9042045778654,0.62245035,653.232763878784,34.319628
18,8,1,52.6179852576196,0.59303594,668.515480848757,33.22215703
18,9,0.25,242.616246278188,0.65152323,573.918691776941,33.35177972
18,9,0.5,126.669078539683,0.6872325,677.546541777585,34.76502977
18,9,0.75,87.0201511776436,0.67119467,728.892990757811,34.23655587
18,9,1,65.0559888839485,0.683680959999999,747.657187627767,33.74219961
18,10,0.25,291.130058968596,0.73852124,642.024051242675,33.39507602
18,10,0.5,152.484030258477,0.78222316,756.241688241083,34.91398696
18,10,0.75,100.621002163738,0.77258302,803.884980988235,33.8357961
18,10,1,78.6433834290954,0.76026327,837.966487509543,33.78562181
18,11,0.25,324.415313205848,0.81735801,687.016345701425,34.15834706
18,11,0.5,174.030152725399,0.89361121,826.470590497927,36.33052523
18,11,0.75,116.176862769737,0.90286408,889.716063733248,35.60314545
18,11,1,84.9267930723617,0.87536608,912.951138555933,34.94996547
18,12,0.25,366.177434907815,0.88966243,766.770411066965,34.08798114
18,12,0.5,205.516829830762,0.98586361,901.163955571572,36.46928149
18,12,0.75,132.480125745626,0.98549167,961.197129623374,35.52977199
18,12,1,99.8982063934101,0.96421499,999.712480942358,35.33860262
18,13,0.25,424.673966996881,0.96548125,815.350841305767,34.62989829
18,13,0.5,244.808548017488,1.1169453,978.986497324701,36.15524909
18,13,0.75,159.620801987595,1.09133247,1030.30008712514,36.06869105
18,13,1,119.889109083963,1.09171023,1080.74058074949,35.81243614
18,14,0.25,499.07308887826,1.09479525,873.663819082883,35.54304281
18,14,0.5,279.004118343204,1.191297,1039.77190465605,36.18081625
18,14,0.75,191.093385820643,1.19421883,1126.21589798998,36.39028946
18,14,1,137.393871270891,1.18789898,1155.59391046111,36.31487997
18,15,0.25,592.148790957465,1.15150676,925.570843277807,35.87107179
18,15,0.5,315.196927408538,1.31343613,1108.75761673682,36.57377842
18,15,0.75,226.241656122706,1.30708076,1191.0146359474,37.17237736
18,15,1,161.224634280042,1.33341723,1243.0245491473,36.02019979
18,16,0.25,657.020686388297,1.30852943,972.876576105015,35.76228362
18,16,0.5,408.42147928267,1.43851612,1172.06643883831,38.15815716
18,16,0.75,279.957761212023,1.44570282,1256.75263288691,37.74603226
18,16,1,208.38237805342,1.39136053,1316.70559846123,36.80499285
18,17,0.25,781.440843698227,1.24891773,1032.21578818744,36.82528347
18,17,0.5,562.110945119724,1.47367004,1249.79648565299,39.12417011
18,17,0.75,401.677802737175,1.43531993,1346.78953660325,38.23002483
18,17,1,280.444564359312,1.37108524,1402.12146417436,37.0033311
18,18,0.25,881.98767411488,1.26926549,1097.07755226338,36.67173952
18,18,0.5,1196.38773922005,1.46232134,1308.25628573793,36.88998291
18,18,0.75,1381.61257315204,1.49062445,1418.33787509852,37.93943999
18,18,1,1497.05365877604,1.37012962,1477.50743674881,37.80786616
18,19,0.25,996.842234832709,1.28166906,1143.3180281441,36.84536831
18,19,0.5,1346.34943791319,1.42757309,1367.67221480487,38.59319586
18,19,0.75,1487.12462918751,1.47517636,1449.23932962256,39.23569728
18,19,1,1565.18278759635,1.36481175,1508.59861240584,37.3177379
18,20,0.25,1094.13077317159,1.28812075,1175.46848065845,36.55798739
18,20,0.5,1424.30303620598,1.378412,1400.82814783579,37.83659787
18,20,0.75,1549.40383894621,1.41924879,1492.55977758366,38.18982732
18,20,1,1608.94330510524,1.32757647,1539.33204386054,36.86597693
19,2,0.25,43.8467653192595,0.20958573,122.09339476425,31.92632312
19,2,0.5,20.7952141804384,0.21368282,132.913427905683,31.80666373
19,2,0.75,13.2010181812733,0.21153175,137.068864734868,31.87618313
19,2,1,9.44180574036077,0.21350019,144.258490324367,32.00421495
19,3,0.25,57.2932025716969,0.25881677,187.489617839619,33.64016612
19,3,0.5,32.0752962534679,0.26251469,218.537528691723,35.52883879
19,3,0.75,20.484959544186,0.29403974,225.370367988782,35.08264013
19,3,1,16.3984201886097,0.27014687,227.195266450373,34.26213671
19,4,0.25,89.1371941322854,0.32960335,269.759570918878,36.45565704
19,4,0.5,44.7558425782413,0.35531997,306.520216915213,37.33564143
19,4,0.75,27.3236426533397,0.33628862,320.671580854774,36.55857665
19,4,1,22.7114012751898,0.33631889,329.448787568084,35.87814706
19,5,0.25,103.656960547406,0.39382563,321.768626364496,38.47736193
19,5,0.5,55.6703337374789,0.40420538,385.052590882401,38.4393424
19,5,0.75,36.1343488865454,0.41314484,399.110425229144,39.1348264
19,5,1,27.244506764013,0.39794186,407.537372832176,38.45477071
19,6,0.25,146.011191344722,0.46540292,403.402027876558,39.8398207
19,6,0.5,66.9531501653554,0.5053251,456.345530349742,40.71969443
19,6,0.75,46.6850655899196,0.50053988,489.182423258754,40.43726236
19,6,1,35.3244300100096,0.65202897,494.074544020453,40.66347335
19,7,0.25,166.781112957347,0.54381969,454.102613126774,40.71879737
19,7,0.5,84.4590987966034,0.59067634,528.425059939545,40.42350545
19,7,0.75,54.2107533191996,0.5857238,569.769513486782,42.04049793
19,7,1,44.5274632540545,0.55324189,581.966494624542,40.92917995
19,8,0.25,193.605054400256,0.59201925,516.877955719134,39.65785245
19,8,0.5,96.6899283189835,0.65744014,610.227547143694,41.51169387
19,8,0.75,66.704856181685,0.65551737,650.207308764962,43.35741451
19,8,1,52.7117177903389,0.6653952,670.878375692309,42.10481351
19,9,0.25,204.232769571451,0.71346101,577.35146155047,41.50133519
19,9,0.5,126.53082627048,0.7447193,707.141451429247,43.10700924
19,9,0.75,81.5808056897462,0.73226278,726.65747297909,43.08842017
19,9,1,60.1942122016421,0.82079965,754.18909071944,42.20050649
19,10,0.25,261.480327130495,0.78125945,645.823127222524,41.28712094
19,10,0.5,145.898089601962,0.83396272,774.507765273331,43.22278643
19,10,0.75,96.5097865040814,1.28620461,811.29471654377,44.17096723
19,10,1,67.7418386731415,0.84662179,841.869071780604,43.06863554
19,11,0.25,299.816697842665,0.85340274,702.909618239863,42.63114034
19,11,0.5,162.501797329557,0.96948235,827.899295893929,44.23062661
19,11,0.75,109.134783756707,0.92073171,894.559397676491,42.9279588
19,11,1,77.0287315195983,0.94742448,910.94047522493,43.97310883
19,12,0.25,352.647071576304,0.98128898,758.579975576878,44.33623873
19,12,0.5,186.743270740387,1.06853413,909.807618641845,45.65026316
19,12,0.75,125.75392991856,1.13387144,971.471294798795,44.91879254
19,12,1,83.5028788976162,1.11192825,1006.53022395528,44.15084535
19,13,0.25,414.8460072664,1.10465133,840.459402450947,45.07633035
19,13,0.5,217.18296508524,1.19168748,983.495626993726,46.11255615
19,13,0.75,141.068162268108,1.19040017,1049.41485156529,46.00586849
19,13,1,105.578726638253,1.15566099,1077.33513418319,45.11938262
19,14,0.25,472.744927332205,1.14436271,902.200106977,43.9335018
19,14,0.5,245.256832947857,1.3109515,1046.52464094226,46.15116255
19,14,0.75,155.710682525264,1.32209545,1115.85729550828,46.84687623
19,14,1,123.798624784226,1.28053521,1174.03679683306,45.22605235
19,15,0.25,520.651200299215,1.29109765,943.429562410169,45.85338784
19,15,0.5,287.404662049158,1.42219111,1135.47794348336,46.81711828
19,15,0.75,197.210738961356,1.43494909,1182.99426424528,45.86610459
19,15,1,144.53577916786,1.4056168,1249.46553500214,46.31576935
19,16,0.25,582.743563322922,1.40626688,981.252101003152,45.23351934
19,16,0.5,355.99957362404,1.64687129,1178.91294767732,48.27901354
19,16,0.75,229.918389474237,1.56016128,1275.49881826732,46.33509281
19,16,1,169.45221629365,1.54161042,1347.38095095492,45.65854588
19,17,0.25,715.610609924316,1.45392613,1066.65931435807,46.40791338
19,17,0.5,425.901218742513,1.66408948,1268.23296468576,47.49387906
19,17,0.75,309.034242577227,1.65472435,1368.12561583813,46.5068689
19,17,1,214.705552281554,1.65401071,1407.42060255567,47.65301361
19,18,0.25,808.160985892314,1.52503836,1107.96762404011,46.06491977
19,18,0.5,568.136576861839,1.87905673,1319.04634198256,49.27866358
19,18,0.75,401.069212221397,1.73100426,1437.00378557373,49.70742021
19,18,1,278.558859395866,1.65630541,1498.4730444496,47.87564276
19,19,0.25,937.009171056278,1.51071791,1145.46843492386,45.79744775
19,19,0.5,1267.6235261441,1.88360333,1381.84130933941,48.98045861
19,19,0.75,1484.84188076262,1.75889645,1508.91944092931,49.75139105
19,19,1,1598.89702355812,1.60074711,1580.31055555452,47.19466667
19,20,0.25,1097.22576084975,1.53510861,1210.131404518,47.49644651
19,20,0.5,1444.70795456853,1.63862225,1459.36747937337,48.27801834
19,20,0.75,1588.63345907745,1.6164651,1547.8067399175,47.6294879
19,20,1,1668.73371780609,1.66568347,1608.17628744872,49.13543067
20,2,0.25,38.2253941808829,0.23061051,128.499599910468,40.24283598
20,2,0.5,21.0130993973043,0.22171898,127.104694002236,39.73478504
20,2,0.75,13.3303568997953,0.22727565,148.821523760118,39.42570871
20,2,1,9.48187810959905,0.26628911,144.665878589072,39.36573623
20,3,0.25,62.8423949239012,0.27549841,188.577336290016,42.69682444
20,3,0.5,32.1815162389469,0.29349464,226.003748859023,43.90179872
20,3,0.75,19.2561113698222,0.28756561,230.274252577218,42.24672561
20,3,1,14.4274897820059,0.28834083,243.048046952444,44.52659605
20,4,0.25,72.0563122888425,0.35306364,280.05210380234,45.48887962
20,4,0.5,40.7490034136588,0.35043314,303.565176062969,46.16886632
20,4,0.75,26.3498264748272,0.37112645,320.876909204846,46.29268177
20,4,1,19.4750384942524,0.36218703,326.130960584841,46.17374387
20,5,0.25,102.01351470595,0.44213348,326.505969948798,47.02207258
20,5,0.5,51.1296726440954,0.43828589,382.032209811967,47.84932774
20,5,0.75,36.6196409683067,0.44594315,414.357671555336,49.22716962
20,5,1,26.6661015293234,0.43424823,410.879319313652,47.46494256
20,6,0.25,128.979374965191,0.51307789,394.241134168429,49.07528279
20,6,0.5,64.5519990953491,0.54147167,457.503224384028,50.89723685
20,6,0.75,44.734548799101,0.51325506,493.521418294676,50.16286723
20,6,1,31.1633155968632,0.51356498,494.475460277396,49.56412908
20,7,0.25,149.859622959696,0.5731647,468.53049050222,49.98434253
20,7,0.5,77.228390814405,0.61765322,538.541459110681,52.39401522
20,7,0.75,52.5263763836808,0.61106166,572.542159740785,51.14628328
20,7,1,39.2615613538688,0.61377735,583.182416443615,51.24308504
20,8,0.25,187.486158004767,0.65269979,532.141551400748,50.36964509
20,8,0.5,89.6482260353722,0.69171373,606.670719705997,53.22985271
20,8,0.75,66.0311081935397,0.70440153,655.138210905529,52.93150938
20,8,1,44.6846854722394,0.67286109,670.556627263746,52.33284079
20,9,0.25,215.569299677556,0.76185564,587.755472370137,51.73961584
20,9,0.5,110.688946520734,0.79403148,692.838919630288,53.66610161
20,9,0.75,70.4528369945159,0.7791388,743.692121814132,52.13667824
20,9,1,56.2479698875225,0.78211085,759.310627250007,53.76616237
20,10,0.25,247.585680843706,0.86589448,656.579685722041,52.53962311
20,10,0.5,129.34213876346,1.00449787,769.290738868671,53.5940442
20,10,0.75,85.3354300944328,1.03026476,822.298303205807,54.36498978
20,10,1,66.4680945675855,0.87363668,841.369221177678,52.46338491
20,11,0.25,288.248417596923,0.98174791,729.205607471129,54.83485023
20,11,0.5,151.314854744627,1.05471245,845.473915509559,56.96269434
20,11,0.75,96.5338312896572,1.04371182,903.360031166375,55.40997283
20,11,1,73.9339520620429,0.99392643,921.691899139375,54.83859379
20,12,0.25,337.401950461828,1.06702347,788.147969047354,53.8391918
20,12,0.5,166.66551634286,1.1599323,920.085323484484,55.37700873
20,12,0.75,110.226165564823,1.17566042,982.862821565135,56.07317969
20,12,1,87.6955406135003,1.12763488,1022.10308812921,56.10290739
20,13,0.25,359.433116027195,1.25028339,833.257344511191,59.26383128
20,13,0.5,193.62518005323,1.27372217,996.757226734322,56.35130319
20,13,0.75,127.206760368683,1.27061466,1054.80772652821,57.0447638
20,13,1,98.5688428047263,1.50446979,1091.39711761862,55.61505582
20,14,0.25,422.786918183721,1.3234326,893.567930965822,56.43916099
20,14,0.5,213.749037008384,1.43130078,1079.16734509944,59.77926296
20,14,0.75,146.617647432524,1.45411492,1142.8917897757,60.07863631
20,14,1,112.323326741641,1.37151468,1175.88363602524,55.79661615
20,15,0.25,456.580488357629,1.47191254,966.595549856348,59.02667154
20,15,0.5,259.305530466478,1.53825555,1125.43313323728,57.50716722
20,15,0.75,179.433924294836,1.61859272,1217.62130259189,57.61323911
20,15,1,136.031201373514,1.56211745,1255.63325742479,59.60812524
20,16,0.25,541.298840482838,1.51782433,1028.78210520741,56.64435838
20,16,0.5,294.566857716579,1.78716631,1207.22095997124,58.93410577
20,16,0.75,204.594761206386,1.7191468,1292.29662759877,59.85174613
20,16,1,150.626413586138,1.64453675,1334.11598579663,57.71713629
20,17,0.25,619.128605982109,1.64801489,1083.79989786052,57.55223663
20,17,0.5,364.513570496309,1.94282148,1276.10534328629,61.04775288
20,17,0.75,231.628006537668,1.83017317,1368.41053223293,59.11708731
20,17,1,177.079248434352,1.75958057,1419.85581827261,57.97930641
20,18,0.25,714.61772582509,1.73587431,1126.11726728138,57.76789086
20,18,0.5,426.439926148111,2.07826934,1364.31828761586,59.27676181
20,18,0.75,299.507242606245,1.95331425,1437.26029726824,59.25416883
20,18,1,228.693984043099,1.950265,1502.93705524201,58.35047721
20,19,0.25,850.60122085856,1.81429186,1172.58008721734,58.66295411
20,19,0.5,610.926814431226,1.98961051,1428.38437793596,60.53484137
20,19,0.75,414.752709589222,1.95276434,1525.12397521518,59.27229128
20,19,1,293.937555993506,1.91179878,1570.71723733684,59.62803504
20,20,0.25,1020.51529697759,1.79308254,1243.23255096494,58.84887336
20,20,0.5,1361.48884300468,1.96813375,1485.28677735611,60.80606718
20,20,0.75,1591.98342936454,1.98734573,1613.9879444466,61.61698246
20,20,1,1679.29680266143,1.89911467,1657.88959840891,58.96294082
